age,gender,income,education,married,children,occupation,purchase_amount,most bought item,beauty,books,clothing,electronics,food,furniture,home,sports
45,0,61271.953358890096,0,0,3,0,87.69711834242366,0,0,0,1,1,0,0,0,1
24,0,53229.101073561775,1,0,1,1,115.13558622549095,1,1,0,0,0,0,1,0,0
45,0,30066.04668359846,2,1,3,2,101.69455857438264,2,0,0,1,1,1,0,0,1
19,0,48950.246384098704,3,0,0,3,97.9648871394473,3,0,0,0,0,1,0,0,0
29,0,44792.62709365476,0,0,0,1,86.84728090385065,4,0,0,0,0,0,0,1,0
20,0,51266.76704661121,0,1,3,4,95.14510322277384,5,0,1,0,1,0,0,0,1
27,0,29578.136416224603,2,1,3,3,69.02284162170585,6,1,0,1,0,0,1,0,0
20,0,35325.309004722,3,0,3,5,110.56451724532606,7,1,1,0,0,0,0,0,0
51,0,40232.56435567347,3,1,0,6,107.83548978532892,8,0,0,0,1,1,0,1,1
19,0,48053.58388154555,3,1,0,7,108.85489809675543,9,0,0,0,0,1,1,0,0
57,0,60907.8446290855,3,1,0,8,78.8316751604477,10,0,0,1,0,0,0,1,0
27,0,51033.62793525259,3,1,2,4,138.6726183716063,3,0,1,0,0,1,0,0,0
63,0,53402.223922740784,1,0,0,4,118.088573489242,8,0,0,0,0,0,0,1,0
44,0,34683.652618289125,0,1,2,2,89.10146519803314,11,0,0,0,0,1,1,1,1
51,0,48815.17216047616,2,0,0,6,65.79762232863524,2,1,0,1,0,1,0,0,0
42,0,40527.46314949081,1,0,2,2,101.59731563602708,12,0,1,1,0,0,0,0,1
39,0,57062.63929819454,1,0,3,8,71.08020046512671,5,0,1,0,1,1,1,0,0
25,0,40668.47895115987,1,0,1,1,124.48710527906474,8,0,0,0,1,0,1,1,1
47,0,50144.63071970715,2,1,2,4,104.3738141829318,2,1,0,1,0,1,0,0,0
47,0,50595.565054651,0,1,1,1,112.43197735404532,9,0,0,0,0,1,1,0,0
36,0,34611.512757270495,1,1,1,3,79.24646899126734,9,0,0,0,0,1,0,1,0
62,0,51568.49387815004,2,0,0,2,118.09150586231826,13,0,0,1,0,0,0,1,1
25,0,46971.30830748288,0,0,1,2,109.7163683153318,11,1,0,0,0,0,0,0,1
64,0,50179.18942380713,1,1,3,1,95.4958279042497,5,0,1,0,1,1,0,0,0
23,0,47586.43186178855,0,1,2,8,105.25796285592376,14,0,1,0,1,0,0,0,0
48,0,57660.16177611229,3,1,1,4,116.65564110194168,15,0,0,0,0,1,1,0,1
57,0,46278.466041536674,0,0,3,2,77.01256568799062,6,0,1,1,0,1,1,0,0
50,0,45270.63857888708,0,0,0,2,92.14969322671688,8,0,0,0,0,1,0,1,0
25,0,60083.70355511571,2,1,0,5,126.6893927444526,1,1,0,0,0,1,0,1,0
64,0,63176.02957964427,0,0,0,4,118.54679803586475,16,0,1,0,1,0,1,0,1
27,0,61772.48070232014,3,0,2,3,80.25853405593523,17,1,0,1,0,0,0,1,0
50,0,40800.94509740489,1,1,2,9,80.7407132964585,18,1,1,1,0,0,0,0,1
31,0,57019.16955940884,2,0,0,10,119.80857156754274,16,0,0,0,1,1,1,0,0
57,0,62617.10045992293,1,1,3,7,128.026274693076,19,1,0,0,0,0,1,0,0
37,0,58970.41784222799,3,0,2,10,90.7600701716568,20,0,1,1,0,0,0,0,1
53,0,47683.6710820506,1,1,0,10,71.15952750332757,9,0,1,1,1,1,0,0,0
41,0,64472.841977903365,3,1,2,4,76.94898317887817,12,0,1,0,0,0,0,1,1
19,0,46421.930830034784,3,1,2,1,108.92300456138298,5,0,0,0,1,1,1,0,1
28,0,42792.33525235512,2,1,2,1,93.00719862417348,14,1,1,0,0,1,0,1,0
34,0,50458.70695248991,2,0,1,1,109.91018778791812,7,0,1,1,0,0,0,0,1
32,0,43808.07194185178,0,1,0,1,97.58513925005512,5,0,0,1,1,0,0,1,1
60,0,50298.468526412944,0,0,0,5,102.74446159679812,15,0,0,1,0,0,1,0,0
36,0,49939.40565756932,0,0,2,10,109.47384861127668,20,1,0,1,0,0,0,0,0
30,0,75087.8754300739,2,1,0,6,117.5142301427671,3,0,0,0,0,1,1,0,0
21,0,55900.65834334106,2,1,0,2,97.65708275942124,21,0,1,1,1,0,0,1,0
22,0,43315.95489189834,2,0,1,8,142.1895117433039,22,0,0,1,0,0,1,0,1
44,0,67543.42980101,3,1,2,3,67.32506450923921,17,1,1,0,0,0,0,0,0
18,0,64144.78205467261,0,1,1,3,100.01279800687948,18,0,1,0,0,0,0,0,0
46,0,60468.953352239616,0,1,2,9,103.70231047958572,0,1,1,0,1,0,0,0,0
46,0,61425.58928182784,0,0,1,7,119.41931185661169,7,0,1,0,1,0,1,0,0
19,0,44284.05483724431,0,0,0,7,102.88940647360394,13,1,0,1,0,1,0,0,1
37,0,46212.64420248324,2,1,0,4,83.48627226674893,3,0,0,0,0,1,0,1,1
58,0,51057.8931668608,2,1,1,2,133.76108247015858,1,1,0,0,0,0,0,1,0
59,0,50176.11986300034,3,0,0,1,87.23789113613594,22,0,0,0,0,0,0,0,1
54,0,48484.66522847292,1,0,3,6,77.03417974003057,8,1,0,1,0,0,1,1,1
35,0,40317.99384578232,1,1,0,8,104.8357384975308,14,0,1,0,1,0,0,0,0
42,0,58886.92958347335,1,1,3,6,152.1042844097258,20,0,1,1,1,1,0,0,0
25,0,52708.9502633992,3,0,3,8,108.9685492131818,20,0,0,1,1,0,1,0,1
29,0,52268.35064266082,1,0,3,8,83.56369465523238,4,0,0,1,0,0,0,1,0
59,0,47076.5853663922,3,0,3,9,127.54793571644846,7,0,1,0,0,1,0,0,0
33,0,63572.50302465411,0,1,2,3,120.03972952301362,21,1,0,0,1,0,0,1,0
45,0,58858.47709547151,0,0,0,10,89.29808853926384,3,1,1,1,0,1,1,1,1
19,0,50332.89220106663,1,0,2,1,120.83707787970197,22,1,0,0,0,0,0,0,1
24,0,44552.09894748906,1,0,0,2,121.68514597910908,7,0,1,0,0,0,0,1,0
44,0,42183.725846177535,0,0,1,0,80.53649282514672,16,0,0,0,1,0,1,0,0
30,0,54987.27776667199,1,0,2,6,62.24209518813997,15,0,0,0,0,1,1,0,0
44,0,68786.93111812898,3,0,0,6,133.8278596938748,10,0,0,1,0,0,0,0,0
46,0,39312.647642314994,0,0,1,8,112.1646496065308,1,1,0,0,0,1,1,0,0
46,0,40586.188382626206,2,0,1,0,108.01887297227418,14,1,1,0,1,0,1,1,0
37,0,43664.679377202105,3,1,0,10,108.95798381470098,11,0,0,0,1,0,0,0,1
30,0,51386.376828099455,0,1,3,0,86.46898786157861,14,1,1,0,0,0,0,0,0
49,0,60730.37778693777,0,1,0,6,105.16819387916388,11,0,1,0,1,1,0,1,1
59,0,43437.66527663413,2,0,1,7,70.93218278958771,0,0,0,0,1,0,0,0,0
57,0,59157.50778260416,1,0,0,4,119.54070902643262,9,0,0,0,0,1,1,1,0
63,0,38978.55492161637,2,1,0,6,94.20188994818538,1,1,0,1,1,1,0,0,1
48,0,59511.36284774721,3,1,3,3,117.15387858365234,6,0,1,0,0,1,1,0,0
59,0,27444.718353823373,3,0,0,5,71.06223505534149,7,0,1,0,1,0,1,1,0
28,0,36344.0561432044,2,0,1,4,119.72085203956344,12,0,1,0,0,0,0,0,1
54,0,39234.47540182588,3,1,3,8,111.32002100527478,4,1,0,0,0,0,0,1,0
28,0,37749.20367053849,0,0,3,5,107.20278024795503,19,1,1,0,1,0,1,0,0
26,0,69052.16320279146,1,1,3,2,107.7798689021385,1,1,0,0,1,0,0,0,0
60,0,61633.95499867969,1,1,3,0,92.09842384693746,16,0,0,0,1,0,1,0,0
57,0,38620.05971835416,2,1,1,10,148.79277138257936,13,1,0,1,0,0,0,0,0
54,0,38425.71297552007,2,0,3,0,69.44348085656642,18,0,1,0,0,1,0,0,0
39,0,45885.22781553298,3,1,3,8,107.9415097827092,4,0,0,0,0,0,0,1,0
39,0,62148.03699185756,2,0,2,6,109.61990335398502,4,0,1,0,0,0,0,1,1
61,0,49355.04283382429,0,1,0,7,86.6034234376809,1,1,0,0,1,0,0,1,0
34,0,54599.183571187,1,1,1,8,73.15260605310922,14,0,1,0,0,0,0,0,0
31,0,50614.65394535648,0,1,0,9,101.57008974046218,5,0,0,1,1,0,0,0,1
59,0,59036.06194046724,0,1,2,3,102.1103571047264,6,1,0,0,0,0,1,0,1
28,0,50445.15412165557,2,1,1,3,83.59310906937672,10,1,0,1,1,1,0,0,0
62,0,43882.13176346871,1,0,3,9,130.20135644276812,9,0,0,1,0,1,0,1,0
42,0,56639.40724566175,2,0,3,2,109.07075336679031,14,0,1,0,0,0,0,1,0
59,0,34965.86189289492,3,1,0,10,85.79361312203794,22,0,0,0,0,0,0,0,1
57,0,72345.80098537011,2,0,3,3,80.33583959074065,15,1,0,0,0,0,1,0,1
42,0,55035.68790560127,2,1,3,1,65.47755154471508,5,0,1,0,1,0,0,0,0
20,0,34251.088241745885,0,0,3,8,102.5766776337194,7,0,1,1,1,0,1,0,0
29,0,64631.57099139107,1,1,0,8,96.4556232972292,19,0,0,0,1,0,1,0,0
18,0,59967.79431552856,2,0,2,9,136.66211963114833,20,0,0,1,0,0,0,0,0
20,0,54805.897292260335,2,0,0,8,106.76531244820237,3,0,0,0,0,1,0,0,0
64,0,45154.21825690305,2,0,2,2,130.96284101842534,16,0,1,0,1,1,0,1,0
41,0,47743.07089598851,2,1,1,5,101.39177791302724,22,0,0,0,0,0,0,0,1
38,0,58398.34152424912,0,1,3,10,106.8157666822387,14,1,1,0,0,0,0,0,0
63,0,47029.70751225779,1,1,1,0,103.82039958874594,2,0,1,0,0,1,1,0,0
56,0,37581.20008285688,3,1,1,1,105.69879000028337,14,0,1,0,1,0,0,0,0
19,0,50207.08818792024,2,1,1,7,117.08315853161986,19,0,0,0,0,1,1,0,0
37,0,36177.548600842885,0,0,1,4,75.09759212958011,20,1,0,1,0,0,0,0,0
53,0,52297.72475799402,3,0,3,4,124.57436345079697,3,0,0,0,1,1,0,0,1
42,0,28861.045758425596,2,1,3,6,97.13405699892292,8,1,0,0,0,0,0,1,0
30,0,47752.48374901555,0,1,1,3,112.3533311003374,6,0,0,0,0,0,1,0,1
26,0,55388.50391220515,3,0,3,7,121.24480969208476,20,1,0,1,0,1,0,0,0
19,0,58379.11735627212,0,1,3,9,88.0966031735532,1,1,1,1,0,0,1,0,0
26,0,37369.758651526296,0,1,2,10,80.51780528313597,16,0,0,1,1,0,0,0,0
60,0,52863.2511645928,1,0,0,8,73.31997097607939,19,0,1,0,0,0,1,1,0
25,0,40244.79186179504,0,1,3,6,121.05054892817884,20,0,0,1,0,1,0,1,0
56,0,52933.39509119272,1,1,3,3,88.11838935176107,1,1,1,0,1,1,0,0,0
61,0,45173.70398776537,2,0,0,10,69.865524457015,5,0,0,1,1,0,1,1,1
35,0,42020.98015569148,1,1,2,0,95.4600340896415,14,0,1,0,0,0,0,0,1
46,0,35544.71892432515,0,1,3,1,119.05836082503562,11,1,1,0,0,1,1,0,1
19,0,39170.14632314387,2,1,1,4,116.05665044756869,17,1,1,0,0,0,1,0,0
28,0,28561.80636606733,1,0,3,3,57.32725465766404,16,1,0,0,1,0,0,0,0
18,0,39919.420869221794,1,1,1,3,132.3168880333956,3,1,1,1,0,1,1,0,1
24,0,56963.66483273482,3,1,1,3,101.67294353289198,20,0,0,1,0,0,0,0,0
51,0,47598.37570753211,0,0,2,2,87.55564392763273,2,0,0,1,0,1,1,0,1
21,0,61799.35426607131,3,1,0,6,99.99440953414168,5,0,0,0,1,1,0,1,0
43,0,34228.79217218485,0,1,1,7,97.43900600074168,8,0,1,0,0,0,0,1,1
20,0,51930.31968201012,3,0,2,2,127.16043657865076,6,1,1,0,0,0,1,0,1
43,0,76924.82934107931,1,0,1,1,115.86873266503252,1,1,1,0,0,0,0,0,0
35,0,58154.646025331815,2,0,1,7,131.9196771484969,2,0,0,0,1,1,1,0,0
28,0,32884.17526836677,2,0,2,6,82.12934838099865,19,0,0,0,0,0,1,0,0
49,0,44994.23754398986,0,1,1,5,105.31721272525668,13,0,1,1,0,0,0,1,0
37,0,66667.41151126674,1,1,3,2,106.91469460181143,3,0,0,0,1,1,0,0,0
25,0,48024.71751373533,0,0,3,4,83.67848480895628,19,0,0,0,1,1,1,1,0
37,0,59131.56890402645,1,1,3,10,104.37593582939124,22,0,0,0,0,0,0,0,1
43,0,48004.02667859703,3,1,1,4,97.67351330948136,1,1,0,0,0,0,0,0,0
21,0,40825.92690558694,2,1,2,8,85.20508296914205,23,1,1,1,1,1,0,0,0
22,0,61574.558322846686,0,0,2,5,85.53811194832929,5,0,0,0,1,0,0,0,0
54,0,53155.35250270695,1,1,0,3,143.68287280620157,15,0,0,0,1,0,1,0,0
35,0,56620.4177051776,0,1,2,7,117.04479051312975,20,0,0,1,0,0,0,0,0
36,0,56469.440625551135,2,1,1,1,92.08922059000238,9,1,0,0,0,1,0,1,0
63,0,58872.1412178482,2,1,2,1,72.28416466641877,7,1,1,0,0,0,0,1,0
40,0,49712.239712718205,2,0,1,4,98.65653776206403,14,0,1,1,0,0,0,0,1
29,0,56094.52476475081,3,1,0,3,79.25226145311936,17,1,0,0,0,0,0,0,0
35,0,48182.076856045605,2,1,3,1,104.05842481995458,7,0,1,0,0,0,0,0,0
20,0,43764.52125748605,0,1,0,9,79.34265249970305,5,0,0,1,1,0,1,0,0
61,0,63204.60055200507,3,0,1,2,95.53423976583518,15,1,0,0,1,0,1,0,0
47,0,31942.00315126836,2,0,2,10,97.41656327803004,13,0,0,1,0,0,0,0,0
56,0,48322.15365584005,2,0,1,2,160.897159355984,3,0,0,0,0,1,0,0,0
28,0,37105.50531457811,2,1,3,2,105.88634349908172,8,0,0,0,0,1,0,1,0
23,0,38509.32990814546,1,1,3,7,95.72730350132514,21,0,0,0,0,0,0,1,1
27,0,65173.54620630821,2,0,0,0,113.80760925033498,1,1,0,0,0,0,1,0,0
23,0,54976.46461051306,1,1,2,5,97.53958768570692,18,1,1,1,0,0,0,0,0
50,0,37941.65210752496,3,1,2,10,122.86901572018128,7,0,1,0,1,0,0,0,0
42,0,57927.26103794576,0,0,0,3,87.42069172216185,20,1,0,1,0,1,1,0,0
33,0,59907.215676412095,2,1,0,4,77.33775888083545,10,0,0,1,0,1,0,0,1
40,0,40544.47583357694,0,1,0,0,76.52994461528864,9,0,0,0,0,1,0,0,0
46,0,42805.49284357016,2,1,2,3,88.39364037812132,17,1,0,0,0,1,1,1,0
64,0,61381.60340443374,0,0,2,10,82.46240386282504,22,0,0,0,0,0,0,0,1
28,0,55586.95770104409,0,1,3,1,134.06348163858328,13,1,0,1,0,0,1,0,0
59,0,58732.59608234798,3,1,0,7,119.48387774439088,7,0,1,0,0,1,1,0,0
28,0,37177.542362421314,2,0,1,9,80.1122522855367,7,0,1,0,1,0,0,0,1
18,0,57373.84165713485,1,0,2,1,120.88609708875002,1,1,0,1,0,0,1,0,1
57,0,48119.14331465648,3,0,0,8,123.84689153774136,9,0,1,1,1,1,1,1,1
59,0,35559.61354099553,2,0,3,6,116.14379689525695,9,0,0,0,1,1,0,1,0
32,0,44594.67780387936,0,0,3,4,115.10709879086576,21,0,0,0,0,0,0,1,0
34,0,50828.329692849125,2,0,1,0,73.58187046136766,22,0,0,0,0,0,0,0,1
29,0,43998.65828879128,1,1,1,0,122.63246344952324,2,1,0,0,0,1,1,0,0
26,0,48084.25063793769,2,0,1,0,97.3301923792665,7,0,1,0,0,0,0,1,0
51,0,45883.30335613441,1,0,3,4,94.142460908001,11,1,0,1,1,0,0,1,1
48,0,37206.84992790919,1,1,1,7,104.25376890094336,19,1,0,0,0,0,1,0,0
39,0,66729.59290028003,0,1,2,1,115.43277317856996,10,0,0,1,0,1,0,0,1
39,0,40442.82803464994,2,0,3,8,130.7067487425539,3,0,0,1,0,1,0,0,1
47,0,57093.751393987215,3,0,2,1,105.56591755898152,4,0,0,0,0,0,0,1,0
47,0,56175.8284301869,3,1,3,2,94.5703254218571,11,0,0,0,0,1,0,0,1
24,0,49166.10922807182,0,0,0,2,131.47503317675182,17,1,0,0,0,0,1,0,0
35,0,39974.76849222832,2,1,0,2,90.56047936318258,21,0,1,0,0,0,0,1,0
46,0,55020.459283507975,1,1,3,0,79.41606181712672,12,0,0,0,1,0,0,0,1
41,0,48041.10577887922,2,1,1,4,107.37673758682158,16,0,0,0,1,0,1,0,0
29,0,51334.67173220038,3,0,0,2,113.65179569837692,12,0,1,1,0,0,0,1,1
23,0,44392.0592851408,2,0,0,2,119.83952569964316,10,0,0,1,0,1,1,0,0
35,0,48848.38197943839,3,1,1,0,103.62626472732045,12,1,0,0,0,0,0,1,1
20,0,54136.54117115017,3,0,0,3,118.04837193685032,22,0,0,0,0,0,0,0,1
30,0,56608.37874217612,2,1,1,8,114.93049390800716,1,1,0,0,0,0,0,0,0
22,0,51436.31532026355,3,0,3,6,106.15464561976252,14,0,1,0,0,0,1,0,0
50,0,56662.03788690525,0,1,2,7,83.48629203098977,0,0,0,0,1,1,0,0,0
60,0,60031.95598301547,3,0,2,9,89.08587333616671,18,0,1,0,0,0,1,0,1
37,0,59076.21151915621,2,0,2,10,99.21382501790964,13,1,0,1,0,0,0,0,0
36,0,55790.20180695419,0,1,0,9,122.99068851311404,9,1,0,0,0,1,0,0,0
33,0,47160.15198044779,0,1,2,7,85.2281004304505,14,0,1,0,0,0,1,1,1
35,0,43700.35730347398,1,0,0,3,116.56716231295226,9,0,0,0,0,1,0,0,1
50,0,61639.86076485663,0,0,2,3,76.19743577329388,23,1,0,1,0,0,0,0,0
53,0,44814.570051180526,2,1,3,6,107.54667441940616,13,0,1,1,0,0,0,0,0
27,0,51920.6213093541,0,1,2,3,90.31476590993697,16,0,0,0,1,0,0,0,0
23,0,57452.30828443152,2,1,3,3,113.3811488445602,12,0,0,0,0,0,1,1,1
56,0,55229.773712531256,0,1,2,6,97.46166717734808,3,1,0,1,1,1,0,1,0
48,0,47365.58912285546,0,0,1,8,86.24310346179693,9,1,0,0,0,1,1,0,0
39,0,35591.54265716193,1,1,3,8,83.82869023697364,0,1,0,0,1,0,1,1,0
32,0,53227.64266633491,2,0,1,9,121.11771074318234,9,0,0,0,1,1,0,0,1
62,0,45523.381159206045,1,1,3,9,123.09583778578616,17,1,0,0,0,0,0,1,1
61,0,42383.32687513068,1,0,0,1,77.52421543888428,13,0,1,1,0,0,0,1,0
27,0,54916.56577984486,3,0,3,9,92.94613892709737,16,0,0,0,1,0,1,0,0
60,0,34245.239256631256,0,1,2,8,154.19450801081456,15,0,0,1,0,0,1,0,0
20,0,39485.64864938365,3,0,0,4,121.8178521982308,22,0,0,1,0,0,1,0,1
26,0,57460.53707650372,3,0,2,1,88.31089415122311,15,1,0,1,0,1,1,0,0
38,0,40634.37163357393,1,0,3,2,84.94746371337614,10,0,0,1,0,0,1,1,0
59,0,36177.04488387998,1,0,1,10,70.36387622920475,20,1,0,1,0,0,0,0,1
20,0,59860.87947048508,2,1,1,0,104.81988227455284,0,1,0,0,1,0,0,0,0
36,0,46398.34866568701,2,1,1,6,66.324168010387,0,0,1,0,1,1,0,0,0
60,0,53302.78169706136,3,1,0,9,101.23092277031483,13,0,1,1,1,1,1,0,0
19,0,71141.63278347536,1,0,2,2,122.99340730810778,6,0,0,0,1,0,1,1,0
45,0,62321.67865264753,1,0,1,3,119.17380196424524,20,0,1,1,0,0,0,1,0
55,0,48504.980475607226,3,0,0,7,110.0043126963763,3,0,0,1,0,1,0,0,0
62,0,54548.876295187016,2,0,3,6,100.8915295184095,21,0,0,0,0,0,0,1,0
19,0,62704.68533895405,1,1,2,10,111.7688652206968,11,0,0,0,0,0,0,0,1
23,0,42026.602494183535,3,1,0,1,73.67031028394999,11,1,0,1,0,0,0,0,1
51,0,64533.28559583889,1,0,3,1,59.29815876277672,18,1,1,0,0,0,0,0,0
59,0,42401.83563686322,1,0,2,2,108.70020701591685,10,0,1,1,1,0,0,0,0
63,0,45033.588564685495,1,1,3,10,114.11297254655489,23,1,0,0,0,0,1,0,0
32,0,39361.58771084484,0,0,0,5,105.03620558620176,9,0,0,1,0,1,0,1,0
57,0,53767.12981498957,3,0,1,10,137.73757777012557,23,1,1,0,0,1,0,0,0
49,0,25411.804785007946,0,0,0,1,102.631038874709,14,1,1,1,0,1,0,1,0
53,0,53117.80156542522,1,1,2,1,109.59724259562816,12,0,0,1,0,0,0,0,1
26,0,40609.95345098141,0,1,1,3,114.86130888288778,8,1,0,1,1,0,0,1,0
61,0,35999.99776301019,2,1,0,10,63.39676814427144,14,0,1,0,1,1,1,0,0
28,0,58908.68084057119,2,1,3,8,86.08007557180562,12,0,1,0,1,1,0,0,1
52,0,38427.59629423589,1,0,3,1,112.94273142194876,15,0,0,0,0,0,1,1,0
41,0,53349.64932048195,0,1,1,8,122.05682259993412,20,1,1,1,0,0,0,0,0
58,0,37404.70326406932,0,1,3,4,112.3804195134985,9,0,1,0,0,1,0,0,1
60,0,58060.32721520374,2,0,2,7,71.88640927011329,11,0,0,0,0,0,0,1,1
31,0,70966.83985694188,0,0,0,3,87.9602541273197,18,0,1,0,1,0,0,0,1
39,0,45427.29360844295,2,1,2,6,87.33471569163228,0,1,0,0,1,0,0,0,0
40,0,46093.99180842593,3,1,0,1,140.0939418159386,19,0,1,0,0,0,1,0,0
34,0,61980.69486408836,1,1,0,8,104.12671163391342,11,0,1,0,1,1,1,0,1
62,0,48351.9680253561,2,1,2,8,82.54413970604107,15,0,0,0,0,0,1,1,0
61,0,47810.59752991471,1,1,0,5,109.16883700350944,16,0,1,1,1,1,0,0,0
48,0,48958.00172870762,0,0,1,4,74.09810680727715,19,0,0,0,0,1,1,0,1
57,0,44306.10368694931,3,0,0,0,92.48287811832876,18,0,1,0,0,0,1,1,0
22,0,56985.05669573034,3,0,3,8,83.90436484176567,22,0,0,0,1,0,0,0,1
59,0,58644.9974030914,2,1,3,3,138.00116362525077,23,1,0,0,0,0,1,0,0
58,0,62682.82899244221,3,0,2,5,75.8704913059546,15,1,1,0,0,0,1,0,1
26,0,35387.726154487995,1,1,0,7,111.56570468104108,11,0,0,0,1,0,1,1,1
59,0,42932.15464915094,0,1,2,7,148.43620496962723,4,0,0,0,0,0,1,1,0
27,0,49740.71041628264,1,0,2,8,109.64870115550472,13,0,0,1,0,0,0,0,0
64,0,51804.592410379286,1,1,0,7,116.39697957638973,4,0,0,0,1,1,0,1,0
57,0,46558.962782863935,1,0,0,0,75.10498931638102,1,1,0,0,0,0,0,1,1
20,0,42509.30565339716,0,1,2,2,95.15317131659704,11,0,0,0,0,1,0,0,1
39,0,46614.45793351439,3,0,3,2,104.8072021988122,22,1,0,0,0,0,0,1,1
19,0,65033.24110896777,0,0,3,0,99.66841455297956,13,0,1,1,0,0,0,0,1
47,0,51429.20321180765,1,0,2,7,107.637539368997,0,0,1,0,1,0,0,0,0
54,0,47295.45589710282,3,0,1,2,87.2284463292192,12,0,0,1,0,1,1,1,1
61,0,42242.75777838864,0,1,1,2,94.5687108569516,13,0,0,1,0,0,0,0,1
51,0,49082.53048572549,1,1,0,6,123.11474171329576,3,1,0,0,0,1,0,0,0
36,0,48624.41423173205,1,0,0,5,131.90234789971382,22,0,0,1,0,0,1,1,1
22,0,54454.79106484808,1,1,1,7,102.56064598512344,3,0,0,0,0,1,0,0,1
36,0,39917.67483054146,3,0,3,9,110.94569193884487,13,1,0,1,1,0,0,0,0
32,0,48359.58771488156,0,1,3,10,152.9089069889911,14,0,1,1,0,0,0,1,0
56,0,35275.218772806766,1,1,2,1,88.92805276143787,5,0,0,0,1,0,0,0,0
46,0,57259.15781331305,1,0,3,5,67.23256659162271,18,0,1,0,0,0,1,0,0
29,0,46920.08069427497,0,1,2,0,92.63443679193936,20,0,0,1,0,1,0,0,0
46,0,70746.06199910484,2,0,0,10,83.67490018062558,22,0,0,0,0,1,0,0,1
55,0,51243.36271018335,1,0,2,1,112.17364715914673,19,0,0,0,1,0,1,1,0
59,0,49176.71430954226,0,0,0,1,141.58715539043214,20,0,1,1,0,1,0,0,1
25,0,32743.888641946825,3,1,0,8,168.97862823078628,12,1,0,0,0,0,0,0,1
39,0,49112.391468661765,1,0,3,10,81.75893278680638,14,0,1,0,0,0,1,0,0
47,0,45506.26842608865,3,1,2,7,102.5569581849247,20,0,0,1,1,0,1,0,0
19,0,56272.18558074228,3,0,1,0,80.55182873270505,6,0,0,0,0,0,1,0,0
46,0,51437.7662553313,0,0,3,6,109.82153364286532,10,0,0,1,0,0,0,1,0
37,0,34891.626151892815,1,0,1,9,93.21084255823004,2,0,0,0,1,1,0,0,0
22,0,44386.92467319976,1,0,0,2,100.56044258000487,17,1,0,1,0,0,0,1,0
31,0,62184.37410459871,0,1,3,9,95.594717803573,19,1,1,0,0,0,1,0,1
25,0,42915.95165505746,3,1,0,5,83.29627336596437,12,1,0,0,1,1,1,0,1
40,0,51874.73304460163,2,0,1,3,118.17673136476095,7,1,1,0,0,0,0,0,1
29,0,46479.65517555698,1,0,3,6,112.20321499489624,7,0,1,1,1,1,0,0,1
47,0,59433.52724782441,2,1,3,9,103.58190875684446,19,0,0,0,0,0,1,1,0
31,0,44166.64892745667,1,0,3,1,92.4788513729239,13,1,0,1,0,0,0,0,1
21,0,60535.89156371816,3,1,0,8,105.73613775548424,3,0,0,0,1,1,1,0,0
57,0,55860.16101712512,3,1,1,1,105.93019591438387,4,0,1,0,1,1,1,1,1
19,0,32511.127391546244,1,0,1,9,102.96355808252524,22,0,1,0,0,0,0,0,1
50,0,45340.80457978835,0,0,0,9,108.05795246067092,23,1,0,0,0,0,0,1,1
24,0,61121.2329084332,1,0,3,2,87.08407728062434,22,1,1,0,0,0,1,1,1
52,0,50800.114364526606,0,1,3,10,113.393864415429,16,0,0,1,1,0,0,0,0
30,0,44917.0742224834,2,1,2,7,104.11932964475572,22,0,0,0,0,0,1,0,1
33,0,44717.97839772813,1,0,2,5,105.9038149099301,17,1,0,1,0,0,0,1,0
36,0,44529.88106228755,1,0,3,1,97.66774715089588,18,0,1,1,1,1,0,0,0
18,0,60488.15812120984,2,1,1,9,93.8444837817402,8,0,0,1,0,0,0,1,1
23,0,44516.472849556456,3,0,0,8,88.42066740158647,11,0,0,0,0,0,1,0,1
27,0,50799.90639493245,1,1,0,10,91.37577297643888,10,1,0,1,0,0,0,0,0
33,0,53236.37351691876,1,1,0,9,124.18473291901012,11,0,1,0,0,0,0,0,1
52,0,49016.371563356224,3,0,3,10,112.26517120298983,6,0,0,0,1,0,1,1,0
26,0,59743.53896034807,2,0,1,3,56.85496364692593,16,0,0,0,1,1,1,0,0
45,0,29039.94031930509,1,0,2,7,78.97466812362688,20,0,0,1,0,0,0,0,0
23,0,45804.359314763846,1,1,0,3,115.37990662258456,23,1,0,0,0,1,0,0,0
34,0,36980.10426396463,3,1,1,8,103.39068829305832,4,1,0,0,0,1,1,1,0
27,0,45856.89910838706,0,1,3,4,98.78258459865722,11,0,0,0,0,0,0,0,1
61,0,51991.478444840825,1,1,3,5,111.19510265435537,1,1,1,0,0,1,0,0,1
39,0,52586.343975774136,2,1,3,3,88.96971971455928,18,0,1,1,0,0,0,0,0
39,0,43554.65323257619,0,0,2,5,102.17854460892582,5,1,0,0,1,1,0,1,0
53,0,36558.876612812266,0,0,2,10,133.28941260693404,4,0,0,0,1,0,1,1,0
61,0,60291.17309990345,2,0,3,7,73.14897021170314,23,1,0,1,1,0,0,1,0
46,0,33959.89433511164,2,1,0,0,128.98365754733436,9,0,0,0,0,1,0,0,0
59,0,37817.39238077139,1,0,0,7,97.71991029442988,18,0,1,1,1,1,1,1,1
27,0,44871.16069878395,2,0,1,6,97.21147873315806,22,0,0,0,0,0,0,0,1
32,0,41918.01075196415,0,0,2,4,98.17678151207625,4,1,0,0,0,1,0,1,0
27,0,52633.940633481936,2,0,1,0,101.3528969313535,9,0,1,1,0,1,0,0,0
63,0,44492.74640060826,1,1,1,4,70.16404555868955,4,0,1,1,1,0,0,1,0
33,0,40756.84654002602,3,0,1,6,88.4927364776181,15,0,0,0,0,0,1,0,0
18,0,52050.12514194999,1,1,2,8,91.8635220525272,19,0,0,1,1,0,1,1,1
60,0,36276.00153321267,0,1,3,7,93.73236010533766,4,0,0,0,0,1,0,1,0
48,0,45933.62529482888,1,0,0,1,79.77506659520924,4,0,1,0,0,0,0,1,1
55,0,47558.29494961928,0,1,3,9,115.4106478314419,3,0,0,1,0,1,0,0,1
30,0,48010.31156063363,0,0,0,2,128.16572217991205,1,1,0,0,0,0,0,0,0
44,0,57726.43761701665,3,0,2,4,80.52417149870358,7,0,1,0,0,0,0,0,0
19,0,50079.588388953416,1,0,0,5,88.02574118261484,14,0,1,0,1,0,0,0,0
23,0,33099.79967624423,1,1,2,3,148.27305319318526,19,0,1,0,0,0,1,0,0
22,0,54369.83486456841,3,1,2,6,92.32793328080528,13,0,0,1,0,0,0,0,0
43,0,50112.30004034683,3,1,2,10,123.7540626219268,7,0,1,0,1,1,0,0,0
55,0,53331.8352853441,0,1,1,4,88.19546317544821,8,0,0,1,0,0,0,1,0
36,0,52976.03157634648,0,1,2,4,107.33933138440094,10,0,0,1,0,1,0,0,1
23,0,40590.45094600034,2,1,2,2,121.43478071986752,20,1,0,1,0,0,0,0,0
48,0,55604.63665133836,0,1,1,4,97.66290561845904,1,1,1,0,0,0,0,0,0
18,0,53113.3827812134,0,1,0,4,67.8923690542004,2,0,0,0,1,1,0,0,0
63,0,42867.68098193935,0,1,1,0,136.86776634252405,8,0,0,0,0,1,1,1,0
58,0,54709.707585139775,0,1,2,10,81.07988045376337,9,0,0,1,0,1,0,1,0
29,0,47832.14568288836,2,1,0,4,94.12243453092262,12,0,0,0,0,1,0,0,1
46,0,60046.74970369884,1,0,3,9,112.1975175993354,7,0,1,0,0,0,1,1,0
28,0,60491.38887516035,0,1,1,5,102.59862276645114,12,0,0,0,0,0,0,0,1
30,0,65031.72784148852,2,1,1,10,65.48488684719871,23,1,0,0,0,0,0,0,0
27,0,66593.03972478193,0,0,1,2,97.25318631479747,6,0,1,0,0,0,1,0,0
48,0,52650.78726746082,2,0,3,7,83.8152886355799,7,0,1,0,1,0,1,0,0
57,0,45951.51169765619,2,0,1,3,97.52557882878884,4,0,0,0,0,0,1,1,1
18,0,51334.48837370679,3,1,3,8,107.45895822360308,13,0,0,1,1,0,1,0,0
49,0,49654.18284303383,2,1,1,9,65.45020496630136,15,0,1,0,0,1,1,0,0
38,0,71814.53553429892,0,0,2,7,76.07338175530836,21,0,1,0,0,0,1,1,0
57,0,57318.95673912458,3,0,2,3,62.37784876341748,12,1,1,1,0,0,0,0,1
20,0,56198.933158207255,0,0,0,4,105.56748091297544,1,1,0,0,0,0,0,0,0
55,0,62481.0560930693,2,1,0,2,125.31211279321306,4,1,1,0,0,0,0,1,1
47,0,54617.16505498072,2,1,2,4,89.951920035081,21,0,0,0,1,0,0,1,0
27,0,37099.45796529422,0,0,2,9,92.07995013054364,15,0,1,0,0,0,1,1,0
23,0,27255.22427884207,2,0,0,8,87.54596414114687,10,0,0,1,0,0,0,0,0
29,0,37497.08913108383,3,1,1,1,121.6857621193992,23,1,0,0,1,1,0,0,1
64,0,43153.74536900372,1,1,2,2,68.01760734554355,14,0,1,0,0,0,0,1,0
56,0,48781.52846427367,2,0,1,7,151.8331174270827,22,0,0,0,0,0,0,0,1
44,0,41975.936451256784,3,1,3,1,87.80797509352793,1,1,0,1,0,0,1,0,0
42,0,79459.29441641271,3,0,0,4,86.48541077979318,4,0,1,0,1,0,0,1,0
18,0,65484.87338061055,3,0,0,9,98.09756885289526,0,1,0,0,1,1,0,1,0
25,0,54406.43608364892,3,0,1,3,131.41042141629902,12,0,0,0,0,0,1,0,1
19,0,44616.17208620877,0,1,3,4,108.85549449683232,22,0,0,1,0,0,1,1,1
53,0,59943.26173288524,2,0,3,9,98.30498532510684,22,0,0,0,1,1,0,0,1
23,0,59998.0886891923,3,0,1,7,114.56314237063052,6,0,1,0,0,0,1,1,0
49,0,73435.71285825584,0,0,0,8,96.82672999598591,12,1,1,1,0,1,0,0,1
44,0,44628.65049265622,1,0,3,8,98.24730083448657,22,1,0,0,0,0,0,0,1
60,0,46053.554505933454,1,0,1,4,108.66507513715142,14,0,1,1,0,0,0,0,0
44,0,29377.51093402817,3,1,0,7,98.5033051891777,9,0,0,0,1,1,1,0,0
29,0,53155.87171372741,3,0,2,2,107.14676374611967,19,0,0,0,0,0,1,0,0
42,0,63306.3310611143,0,1,1,2,120.39721764495744,13,0,0,1,1,0,0,1,0
42,0,64326.69925435229,3,0,0,10,101.09953253801991,13,0,0,1,0,1,0,1,1
27,0,38662.6866443259,3,0,1,5,103.8008824788216,9,0,0,0,1,1,1,1,0
26,0,46177.65397451674,0,1,3,0,75.58132115119471,10,0,0,1,0,0,0,0,1
20,0,33378.96137870083,0,0,3,6,116.906009789486,21,1,1,0,0,0,0,1,0
19,0,41158.47414537746,0,1,0,5,106.84742615511514,7,0,1,1,1,0,0,0,0
23,0,75351.09047498507,1,0,2,8,107.192676290748,21,0,0,0,1,1,1,1,0
28,0,42870.76139735205,3,0,1,10,118.90900479442354,19,0,0,0,0,0,1,0,0
50,0,36672.66703436271,2,0,0,6,71.45368892886184,12,0,0,1,0,0,0,0,1
43,0,68599.68204151689,2,0,0,5,84.2584964439515,21,0,0,0,1,1,0,1,0
41,0,47855.5830761473,1,1,3,8,121.6058372676422,14,0,1,0,0,1,0,1,0
46,0,58626.35425436639,1,1,3,1,66.30793789127974,12,0,0,0,1,0,0,0,1
57,0,40099.40885480659,0,0,2,2,53.98727321444397,1,1,0,1,1,0,0,1,1
29,0,46627.01256541364,0,1,1,8,58.50380833034641,6,0,1,0,0,0,1,0,0
24,0,52214.95030762888,3,0,2,4,94.03749709038053,15,0,1,0,1,0,1,0,1
46,0,64561.69296845061,2,1,1,0,63.68338688974988,6,0,0,1,1,0,1,0,0
51,0,64518.31543913691,1,0,3,0,102.27097808508697,20,1,0,1,0,0,1,0,0
27,0,49074.98338104717,3,1,1,5,109.12910278774118,13,0,0,1,0,1,0,0,0
63,0,43694.93973412864,1,1,1,7,66.40268275981555,20,0,0,1,0,1,0,1,0
46,0,40361.03094164095,3,0,3,8,105.21395688102126,12,0,0,0,0,0,1,1,1
29,0,70840.38423279155,3,1,3,10,98.89659432732164,11,1,0,0,0,0,0,0,1
42,0,59323.91892123655,3,1,2,10,116.70869717552348,17,1,1,0,0,0,0,0,0
34,0,60100.15759403577,0,1,0,8,89.93901890765714,19,0,0,1,1,0,1,0,0
50,0,56920.34869978367,0,0,1,6,112.24250559392006,6,1,0,0,1,0,1,0,0
63,0,23875.57538499885,2,0,1,6,75.46803197347415,13,0,1,1,0,0,1,0,1
41,0,59455.36155359269,1,0,0,9,99.10919669627958,19,0,0,0,1,1,1,1,0
39,0,59366.65105770923,0,0,1,8,115.58562826660146,8,0,0,1,1,0,0,1,0
39,0,42429.5909429943,0,0,0,4,94.44197980152371,0,0,0,0,1,1,1,1,1
45,0,37084.87882970108,2,1,0,7,74.88795088470798,17,1,0,0,0,0,0,0,0
57,0,58207.341879407264,1,0,0,9,89.79662206860941,12,1,1,0,0,0,0,1,1
51,0,56250.86626063133,3,0,3,10,115.76171168568032,14,0,1,0,1,0,0,1,0
49,0,40363.22472921531,3,1,2,3,82.66281509748475,15,0,1,0,0,0,1,0,0
53,0,51908.81079844007,1,1,0,3,73.8581150431277,9,0,0,1,0,1,0,0,1
43,0,51676.51397338779,3,1,0,9,127.219436349479,3,0,0,0,0,1,0,1,0
61,0,35488.90186785076,2,0,0,6,105.85649446848254,8,0,1,0,0,0,0,1,0
36,0,66272.6135124307,1,1,1,5,124.1346673249232,4,0,1,0,0,1,0,1,1
50,0,27382.280522981648,2,1,2,4,92.25123632920176,17,1,0,0,0,1,0,0,0
47,0,48445.92404145096,1,1,2,5,93.68461009066552,13,0,1,1,0,0,0,0,1
64,0,43868.0773596615,3,1,0,4,127.22863616226692,16,0,0,0,1,0,1,0,0
62,0,38887.50243501183,2,0,3,0,106.50146194384044,13,0,1,1,0,1,1,1,0
54,0,48598.33454295751,3,1,3,0,98.08359002763842,13,0,0,1,1,0,0,0,0
28,0,59841.91069128165,1,0,1,1,113.9218840925815,6,0,0,0,0,1,1,0,0
20,0,42756.9459356368,0,0,1,0,120.94290973057274,10,1,0,1,0,1,0,1,1
24,0,52719.47649792966,3,0,3,8,108.5965038065558,23,1,0,0,0,0,1,0,1
38,0,52413.93482621677,0,1,2,10,88.55514094006273,16,1,0,0,1,0,0,1,0
31,0,46584.36740754714,2,1,0,1,76.02822246993688,7,0,1,1,1,0,0,0,0
35,0,39545.34876901725,1,1,3,9,58.98004369694739,4,1,1,0,1,0,1,1,1
30,0,33981.63064257614,1,0,3,1,83.34516030957022,17,1,0,0,0,0,1,0,0
44,0,51913.73605474725,1,0,2,3,111.2066443887632,10,0,0,1,0,0,0,0,0
33,0,49877.70465654058,3,0,2,1,76.9143815189693,6,0,1,0,0,1,1,1,0
33,0,57014.84888440042,1,1,2,8,100.8007701290314,13,0,0,1,0,1,1,1,0
53,0,36217.0587893863,1,0,2,9,112.72724167279472,20,0,0,1,1,0,1,0,1
59,0,49375.61197032057,2,0,2,4,95.07095480978975,11,1,0,0,0,0,0,1,1
24,0,33681.01739311543,2,0,1,5,127.36582452891878,14,0,1,0,0,0,0,0,0
34,0,65891.25973209055,0,0,2,5,91.80217116392328,0,0,0,0,1,0,0,1,0
52,0,57725.23671477473,3,1,3,1,96.1454977457338,19,0,0,0,0,0,1,1,0
63,0,48508.2319889308,0,1,3,1,124.16092720704602,10,0,0,1,0,0,0,0,0
30,0,51197.834527553925,1,0,2,1,85.36751377509418,19,1,0,1,0,1,1,0,0
29,0,77547.51387324672,1,1,1,3,121.26786234081226,1,1,0,1,0,0,0,1,0
26,0,60726.71742577218,1,1,3,4,109.8396816491038,12,0,0,0,0,0,0,0,1
64,0,55027.421761032645,3,1,1,5,107.79474489286945,21,1,0,0,0,0,0,1,0
57,0,35107.68462704974,2,1,1,7,97.5018059494874,3,0,1,1,1,1,0,0,0
40,0,45066.5044884805,0,0,0,3,116.78329271247183,0,0,0,0,1,1,0,0,0
39,0,49085.69918031724,0,1,1,9,121.22945505453912,10,0,0,1,1,0,1,1,1
32,0,36146.83670639826,3,0,2,9,83.12030457860966,20,1,0,1,0,0,0,0,0
45,0,56602.80893400951,2,1,1,9,78.52273163760745,8,0,1,0,0,1,0,1,0
27,0,68397.54698864091,3,0,0,3,112.9638007008773,10,0,0,1,0,0,0,1,0
43,0,33119.936096198006,3,1,2,3,105.218356555107,11,0,0,0,0,0,1,1,1
40,0,51449.97423768423,2,0,2,6,116.0286044345949,1,1,0,0,0,1,0,0,1
21,0,62830.305497927926,3,1,3,7,110.3581944530527,13,0,1,1,0,0,0,0,0
23,0,34254.05279002315,1,1,2,6,130.64115207014385,16,0,0,0,1,0,0,0,0
27,0,63702.74349838551,2,0,0,2,119.10013203260044,10,0,0,1,0,0,1,1,0
20,0,53776.89007347047,3,1,3,7,88.91429419371693,10,0,0,1,0,0,0,0,0
59,0,35396.79420292174,3,0,1,4,96.68617087427288,2,0,0,0,0,1,1,0,0
18,0,50555.00690918843,2,0,2,9,100.16194345622178,6,0,1,1,0,0,1,1,0
43,0,60714.310922134246,2,0,0,9,82.93118324189238,2,0,0,0,0,1,0,0,1
53,0,58979.33233486721,2,0,1,1,125.2601817968784,6,1,0,0,0,0,1,0,0
60,0,59239.53794202423,0,1,0,2,99.08761132175826,10,0,1,1,0,0,0,0,0
44,0,65932.61566790804,0,1,2,10,113.2281811463642,10,1,1,1,1,0,0,0,0
54,0,54102.22753942059,0,0,0,3,80.43196504374527,4,0,0,0,1,0,1,1,1
33,0,38869.70870576182,2,1,1,9,90.24910153166492,6,0,0,1,0,1,1,0,0
24,0,53418.61750317434,2,1,3,6,108.92604908858333,2,0,0,0,0,1,1,0,0
35,0,46538.87463878977,0,1,2,3,23.48217865480868,23,1,1,0,0,0,0,1,1
26,0,47481.54559063414,2,0,0,0,83.18107139113769,3,0,0,0,0,1,0,0,1
61,0,51521.59125560802,1,0,3,6,88.5317052648853,1,1,0,0,0,0,1,0,0
35,0,45614.25216943895,2,1,0,4,78.71164352404385,12,0,1,0,0,0,0,0,1
41,0,57031.16321333612,3,0,1,3,93.09414464623516,0,0,1,0,1,0,0,0,0
32,0,44584.11446772123,0,1,2,0,119.36373421043017,6,0,0,0,0,0,1,0,1
55,0,52499.67940979167,3,1,2,9,123.30731706841648,16,0,0,1,1,0,0,0,0
34,0,48360.45274053898,1,0,2,2,75.7950285638356,3,0,1,0,0,1,0,0,0
46,0,41199.72353531758,3,0,1,6,67.29213657060845,4,0,0,0,0,0,0,1,0
21,0,44809.05022573047,1,0,1,10,94.48629031640314,12,0,1,0,0,0,0,0,1
35,0,45517.55198334695,1,1,2,7,110.90969372304818,23,1,0,0,0,1,0,0,0
44,0,57831.43175671826,1,0,3,8,89.72880978667123,23,1,1,0,0,0,0,0,1
49,0,42753.940199312434,2,0,2,5,88.39402123482489,10,0,0,1,1,0,1,0,0
32,0,47893.126204116445,1,1,0,7,108.25888539358031,19,0,0,0,0,0,1,0,0
30,0,29273.93397121176,1,0,0,5,89.12027915438674,6,1,1,1,0,1,1,0,0
35,0,47390.23011900672,1,0,1,3,80.40300464993274,22,0,0,0,1,1,0,0,1
48,0,33634.99655024438,1,0,2,10,126.41456145198627,13,0,0,1,0,1,0,1,0
62,0,48488.95930163161,0,1,1,6,112.83001920805256,12,0,0,0,0,0,1,0,1
54,0,63255.85939174057,0,0,1,6,91.1384744455676,10,1,0,1,0,1,0,0,0
34,0,53086.91859232807,1,0,2,0,74.05089974569457,7,0,1,0,0,0,0,0,0
56,0,35728.64358049464,0,1,0,8,96.8695507917666,16,0,1,0,1,0,0,0,0
39,0,58249.94489204221,2,1,0,3,116.63505401532473,15,0,0,1,0,0,1,0,0
58,0,53062.40245619837,1,0,0,3,73.69688942563435,10,1,1,1,0,0,0,0,1
37,0,46650.49954217442,3,0,2,8,133.04391530760842,19,0,0,0,0,1,1,0,0
31,0,60923.08337204218,2,0,1,9,102.70001979740589,8,0,0,0,1,0,0,1,1
53,0,38637.42929207304,1,0,0,4,101.65350813846904,11,0,0,0,0,1,0,0,1
47,0,52988.44368909029,2,0,3,9,111.5715387283907,23,1,0,0,0,0,0,0,1
56,0,54051.97368604007,0,1,1,3,118.24245359997045,11,0,1,0,1,0,0,1,1
46,0,57992.49442266574,3,0,2,8,116.82083341203604,7,0,1,1,1,0,0,0,0
41,0,54250.881063107576,0,0,0,7,97.91563568775426,17,1,0,0,1,0,1,0,0
48,0,41650.54510039622,3,0,0,8,113.03893889296543,13,0,0,1,0,1,0,0,0
33,0,56422.455507926206,0,0,0,7,95.28561324396004,9,0,0,1,1,1,0,0,0
39,0,36566.46557612868,3,1,1,5,94.07067107699858,1,1,0,0,0,0,1,1,1
47,0,48538.94615443873,1,1,3,10,109.39807811147716,19,0,0,1,1,0,1,0,1
54,0,52303.07723869363,2,0,1,9,105.60740067635992,14,1,1,1,0,0,1,0,0
29,0,47337.44094980996,1,1,2,7,70.98480914570175,9,0,1,0,0,1,1,0,0
27,0,37032.971292498165,3,0,1,8,109.64007239240158,11,0,0,0,1,0,0,0,1
20,0,47648.4107379928,2,0,3,1,113.77953494839176,20,1,1,1,0,0,1,0,1
64,0,42640.782476570064,3,1,1,7,123.29745653379452,10,0,0,1,0,0,1,0,1
41,0,36821.03325713752,0,0,3,0,119.83469994873658,23,1,0,1,0,1,0,1,0
44,0,35888.96151171611,3,0,1,2,105.33877405278056,3,0,0,0,0,1,0,1,0
45,0,45783.47636662303,0,0,3,0,99.61785541811406,20,0,0,1,0,1,1,0,1
19,0,36509.35770600978,0,1,3,1,93.82924763384308,17,1,1,1,0,1,1,0,0
41,0,56426.43011867058,0,0,2,6,131.0451871128722,7,0,1,0,0,0,0,0,0
22,0,66830.16655755516,3,1,2,4,116.4827741315722,16,0,1,0,1,0,0,0,1
39,0,46833.86716910568,2,1,3,9,96.50828191838453,3,0,0,0,0,1,1,0,0
42,0,64690.87629865308,0,0,3,10,130.4284956648322,10,0,0,1,1,0,0,0,0
56,0,44004.427144659785,2,1,2,3,62.51597507240682,23,1,0,0,0,1,0,0,1
61,0,46579.48989473206,3,1,1,7,125.11346385915468,4,1,0,0,0,0,0,1,0
27,0,26245.61910645944,1,1,3,6,71.93094852515895,12,0,0,1,0,0,0,0,1
43,0,29124.32852735492,0,1,2,6,70.18500655024778,23,1,1,0,0,1,0,1,0
37,0,44886.230996883154,3,0,1,9,60.39720115302345,5,1,1,0,1,0,1,1,0
53,0,54557.10049011267,0,0,3,3,131.50609914585812,5,0,0,0,1,0,1,0,0
45,0,41053.2845160507,2,1,1,8,81.74568489644285,16,0,0,1,1,0,1,1,0
20,0,72598.35597184114,1,1,3,10,115.25233103201728,20,0,0,1,0,0,0,0,0
40,0,47145.00109266772,3,0,1,9,87.76564110803037,9,1,0,0,0,1,0,0,0
55,0,55071.6724697658,0,0,1,7,124.69149888265056,8,0,0,0,0,0,0,1,0
59,0,41978.09075425507,1,1,3,1,103.1111652805983,22,0,0,0,0,0,0,0,1
36,0,61879.6694018148,0,0,1,7,112.46339882122746,4,1,0,0,1,1,0,1,0
41,0,44560.76227688072,1,0,2,0,62.16655771666649,2,1,1,0,0,1,1,0,0
52,0,63613.41389730793,3,0,0,6,73.92775359382246,5,0,0,0,1,0,0,0,0
19,0,52800.79900321993,0,1,2,1,74.3576752887383,15,1,0,0,0,1,1,0,0
29,0,38250.27020222521,3,0,0,4,103.03331380896891,5,0,0,1,1,0,0,0,0
42,0,41194.191582965264,3,1,3,3,95.6589265002918,8,0,0,0,0,1,0,1,0
30,0,61057.66369388685,0,1,2,1,77.28159275257957,3,0,0,0,0,1,0,1,0
50,0,47681.15802984606,2,0,3,7,111.61081741756098,17,1,1,0,1,1,0,0,1
39,0,45233.60461994349,1,0,1,10,116.47261762275018,1,1,0,0,0,0,0,0,1
44,0,60611.73358515707,3,1,3,5,113.03921529844828,0,1,1,0,1,0,0,1,1
22,0,40453.36992840582,1,0,1,7,105.0858374174458,10,0,0,1,1,0,0,0,1
40,0,62705.94170498924,3,0,1,4,88.3570070630924,7,0,1,0,0,0,1,0,0
54,0,49443.01839627725,3,0,1,8,90.27205811772576,11,0,0,1,1,0,0,0,1
20,0,50953.96654861433,1,0,3,5,108.10829946614784,4,0,0,0,0,1,0,1,0
28,0,50571.62612186552,0,1,2,4,103.5763577916829,11,0,0,0,0,0,0,1,1
57,0,39046.7164379395,1,1,1,8,119.35176975773304,12,1,0,0,0,0,0,0,1
32,0,68796.6893854037,2,0,1,1,130.2738166381532,1,1,0,0,0,0,0,0,0
47,0,27916.38922238473,2,1,0,3,78.89490022885984,7,0,1,1,0,0,0,1,0
34,0,39252.21736310488,2,0,1,2,95.4287600062728,16,0,1,0,1,0,1,1,1
37,0,54879.34590182958,0,0,0,3,109.77813520325746,6,1,0,1,0,1,1,1,0
44,0,49351.395472467535,2,1,0,8,127.08201818563906,10,1,0,1,0,0,0,0,0
55,0,21908.86775911469,0,0,3,8,116.66591237408446,15,0,1,0,1,1,1,0,1
21,0,66994.2637507839,2,0,0,4,87.0046718827789,21,1,0,0,1,0,0,1,0
23,0,48055.14246247523,1,1,0,4,108.64069428596868,22,1,0,0,0,0,0,0,1
24,0,51232.01185548718,1,0,3,9,93.6730581519776,12,1,0,0,0,0,0,0,1
46,0,40719.24708514342,0,1,3,10,109.00215464974816,14,0,1,0,0,1,0,0,0
47,0,43563.85934377434,3,0,3,8,81.86617697780821,3,0,1,0,1,1,1,1,1
44,0,42781.111885967,0,1,2,7,90.7769637879708,0,1,1,0,1,0,1,0,0
22,0,57509.61438617323,3,0,1,3,104.05655679981518,6,1,0,1,0,0,1,0,0
62,0,43026.44816557667,3,0,3,1,99.55564673828384,20,0,1,1,0,1,0,0,0
54,0,39974.989240399154,0,1,1,7,136.77205264742793,21,0,0,0,0,1,0,1,0
32,0,70912.80523798552,1,0,2,0,113.48583931040896,3,0,0,0,0,1,0,0,1
28,0,56613.14042908389,3,0,0,7,98.93271600430484,16,1,0,0,1,0,0,0,0
26,0,53746.93885546601,0,0,3,1,93.46822977176124,6,1,1,0,0,0,1,0,1
39,0,56555.458046402746,3,1,1,8,78.97722132884218,16,0,1,0,1,0,1,0,0
41,0,33475.08810078427,0,0,3,5,70.22472904538064,21,0,0,0,0,0,1,1,1
27,0,49110.78875727596,1,1,2,6,121.06869467109776,13,1,0,1,1,0,0,0,0
22,0,57405.95775859099,0,0,2,4,107.39742591174472,23,1,0,0,0,1,0,0,0
62,0,58368.00490153972,1,0,3,0,79.11250599193681,8,0,0,1,0,0,0,1,1
55,0,48795.60963522114,0,0,2,4,83.70797923132285,22,1,0,1,0,1,1,0,1
43,0,50788.83391934666,2,1,0,9,79.12279139327808,23,1,1,0,0,0,1,0,0
57,0,53642.21130460265,2,1,2,4,89.61891329064512,7,0,1,0,0,0,0,0,0
34,0,41303.999602529504,0,1,1,9,109.06321891314175,0,0,1,0,1,0,0,0,0
59,0,36903.15285412055,0,1,2,2,106.07934075867897,3,0,0,0,0,1,1,0,0
63,0,37861.43323636148,1,1,1,4,119.2399540537984,12,0,0,1,1,0,0,0,1
20,0,57448.01752281252,0,1,1,0,72.92766006409589,1,1,0,1,1,1,0,0,0
62,0,46256.74610823087,2,0,1,5,109.17615033248812,21,0,0,0,0,0,0,1,1
36,0,48255.139854459725,3,1,2,0,93.7258186053573,22,0,0,0,0,0,0,0,1
26,0,42913.94573633365,0,0,0,1,101.57780415818424,17,1,0,0,0,0,0,1,0
38,0,36743.1312122322,3,0,1,0,96.64352867146864,18,0,1,0,0,0,0,1,0
33,0,59276.64071846823,2,0,0,10,93.97854221272269,1,1,0,0,1,0,0,0,0
64,0,53248.831384286605,2,1,3,7,98.37764243920368,4,1,0,0,0,0,1,1,0
48,0,39170.48803990317,1,0,0,1,126.10951233542715,20,1,1,1,0,0,0,1,1
18,0,58824.01354378132,3,1,0,8,92.00137533677916,2,1,0,0,0,1,1,0,0
59,0,43545.97733473034,1,0,1,7,92.14486488766988,4,0,0,0,0,1,0,1,0
21,0,44251.887415391575,0,1,0,4,140.77516732205515,12,0,0,0,0,0,0,0,1
54,0,36266.02183560609,2,1,2,5,82.05803437534581,2,1,0,0,0,1,1,0,0
40,0,54143.32364861283,3,1,3,10,115.49412380783534,3,0,1,1,0,1,1,0,0
18,0,44604.8401678066,1,0,3,0,108.4863493792308,1,1,0,0,1,1,0,0,1
23,0,28079.68846638936,1,0,0,6,128.02082726269714,23,1,0,0,0,1,1,0,1
37,0,54685.005796549456,0,0,1,9,84.70651098282748,16,0,0,1,1,0,0,0,0
33,0,38307.75524973478,2,1,3,8,98.95695948779586,9,0,1,0,0,1,0,1,0
62,0,54196.97148605321,3,0,3,10,90.61037680052362,21,0,1,0,0,0,0,1,1
51,0,58535.69950373172,0,1,3,1,108.7609283393455,0,0,0,0,1,0,0,0,1
41,0,66567.64549574167,1,1,3,0,108.87026373484493,23,1,0,0,1,0,0,0,0
55,0,55536.327624024576,3,0,2,6,119.9266257557682,7,0,1,0,0,0,1,0,0
21,0,46798.14525197002,0,0,1,7,106.23452906167968,5,1,0,0,1,0,0,0,0
40,0,48932.785377122535,0,0,1,10,104.25121054913528,1,1,0,0,0,0,1,0,1
42,0,48971.14270991375,1,1,1,4,139.12107018290007,6,0,0,1,0,0,1,0,0
30,0,48530.66004964723,0,0,3,0,122.6342595115206,3,0,1,1,0,1,0,0,0
51,0,46159.35454786641,0,0,0,7,107.42382260357014,4,1,0,0,0,0,0,1,1
47,0,43016.63255485853,1,0,0,1,75.61913317135048,17,1,0,0,1,1,1,0,1
26,0,45732.05278833717,3,0,0,5,138.39956164142174,1,1,0,0,1,0,1,0,1
57,0,48126.5179817407,2,0,0,4,104.5500708714376,14,0,1,0,0,1,0,0,0
21,0,39625.00934458176,0,0,1,3,128.181747420429,11,0,0,1,1,0,0,0,1
18,0,49562.14626378223,1,0,0,0,137.46715690337015,6,0,0,1,0,0,1,0,0
27,0,30102.29138905194,1,0,3,1,140.17482691331958,3,0,0,1,0,1,0,0,0
23,0,51517.670416047375,1,0,0,3,118.9010243370256,10,0,0,1,0,1,0,0,0
59,0,51481.458972886496,2,0,0,2,58.54558048407459,10,0,0,1,0,0,0,1,0
38,0,43147.80277049182,3,1,3,1,93.58074462439204,12,0,1,0,1,1,0,1,1
52,0,58027.58293805442,0,0,1,5,92.4463079613362,17,1,0,0,0,1,0,0,0
45,0,48503.85923670309,3,1,3,8,136.79945635350592,18,1,1,0,1,0,1,0,0
59,0,42451.48244604557,0,1,3,2,112.5906023603631,2,0,0,1,1,1,0,0,1
60,0,50431.636570588445,2,1,1,3,79.22696871803446,6,0,0,0,0,0,1,0,0
54,0,53217.359196663565,1,1,0,10,98.19527564545032,20,0,0,1,0,0,0,0,0
40,0,51511.52902179815,3,1,0,8,141.56029256402297,10,0,0,1,0,1,1,0,1
39,0,46009.60860774928,1,0,0,9,92.912146533842,18,1,1,0,0,1,0,1,0
36,0,60276.9066417438,0,0,1,0,101.15587068448336,21,1,0,0,0,0,0,1,1
36,0,42307.87715016747,3,1,1,8,87.76531709466308,1,1,0,0,0,0,0,0,0
19,0,43404.12310099796,0,0,1,4,126.46304260933088,10,1,1,1,1,0,1,0,1
30,0,40618.08528673968,0,0,0,10,117.4809277921444,0,0,0,0,1,0,0,0,0
29,0,35452.399524518936,0,0,3,5,118.77061841275204,14,0,1,0,0,0,1,0,0
42,0,35369.92427364635,0,1,0,6,64.95648257446953,13,0,0,1,0,0,0,0,0
25,0,54395.75374909397,3,1,0,2,95.62623660676054,2,0,1,1,0,1,0,0,0
36,0,25732.93326186289,3,1,1,9,100.39740339372187,4,0,0,0,0,0,0,1,0
18,0,44180.99517084494,2,0,2,3,107.31560656368538,22,0,0,0,0,0,0,0,1
39,0,42688.76158577064,3,1,3,4,85.21486076411912,16,1,0,0,1,0,1,0,0
42,0,44918.97591265311,3,1,0,6,101.35327020601872,22,0,1,1,0,0,0,0,1
48,0,37569.84645945821,2,0,3,8,96.00961340741296,5,0,0,0,1,0,0,0,0
50,0,67793.79889002843,2,0,1,2,90.1789250437175,13,1,1,1,0,0,1,1,0
20,0,41701.21488145471,1,1,0,4,32.59863747510559,22,0,1,1,0,1,1,0,1
34,0,41043.60032190227,3,0,0,6,103.55780464628236,9,0,1,0,0,1,0,0,1
19,0,49492.50628737649,3,1,2,2,87.33877806859425,22,0,0,0,0,0,0,1,1
64,0,44473.184479532174,3,0,1,10,102.94011490995976,11,0,0,1,1,0,0,1,1
30,0,36201.17655085632,3,0,3,5,115.09213751553376,23,1,1,0,0,1,1,0,0
51,0,64630.85804298736,2,1,0,6,63.2527195272549,18,0,1,0,0,0,0,1,0
47,0,38599.91802295739,1,0,2,4,107.3249933277881,17,1,0,0,1,0,0,0,0
47,0,51513.46273932121,0,1,1,6,94.415102362571,7,0,1,0,0,0,1,0,0
43,0,37457.26570987367,0,0,0,5,95.2333130459908,20,1,0,1,1,0,0,0,0
53,0,31774.68642381971,1,1,0,6,96.35677989063755,16,0,0,0,1,1,0,0,1
57,0,48111.0958760387,0,0,0,6,122.02190302014816,5,1,0,0,1,0,0,1,1
54,0,51855.85639999219,1,1,1,8,107.3068065228566,14,0,1,0,0,0,0,0,1
64,0,39448.29686399899,1,1,2,10,140.43472436531405,23,1,0,0,0,0,0,0,1
45,0,45081.25641499564,3,0,3,9,110.63340523083338,19,0,1,0,0,0,1,1,1
50,0,55747.91481621604,2,1,2,9,51.17619569403362,4,0,0,0,1,1,0,1,0
31,0,44256.86728556887,1,0,2,0,121.961877229198,15,0,0,1,0,0,1,1,0
64,0,43664.81794208611,0,0,1,9,83.70978592617621,13,0,0,1,0,0,0,0,1
59,0,54596.59270348579,2,0,2,4,88.82097880300601,2,0,0,0,0,1,0,0,0
62,0,39319.64129813288,2,0,2,1,101.3972620077382,4,0,0,1,0,1,0,1,0
44,0,58172.9357191385,1,0,2,8,122.06244802663493,11,0,0,0,0,0,0,1,1
50,0,41866.41092965801,3,1,3,10,106.44160579370512,1,1,1,1,0,0,0,0,0
49,0,41533.24646238379,3,0,2,0,131.56916170413706,7,1,1,0,0,1,1,0,0
54,0,63996.64521884777,3,1,1,4,93.60089616364236,5,0,0,0,1,0,0,0,0
63,0,39898.9370752362,2,0,3,2,83.17114954947284,9,0,0,0,0,1,1,0,0
42,0,49544.57940942624,3,0,0,2,106.90665584067804,18,0,1,1,0,0,0,0,0
37,0,59959.13549249886,1,0,3,1,97.77326114639038,5,0,1,0,1,1,0,1,0
36,0,36126.30251546125,3,0,0,10,107.84913482860888,4,0,1,1,0,0,0,1,0
20,0,37704.61427797217,2,0,2,5,131.82865534327112,12,0,1,0,0,0,0,0,1
28,0,54173.16921360469,1,0,3,4,87.70039628074068,22,1,0,0,0,1,0,1,1
39,0,54348.243277081885,0,0,3,4,85.47040766666882,21,1,1,0,0,0,1,1,0
63,0,38621.380125068,0,1,3,4,129.63321955762612,19,1,0,1,1,0,1,1,0
46,0,52573.10913372076,0,1,1,5,127.45646991260232,16,0,0,0,1,0,1,1,0
33,0,65859.66325900675,1,0,0,3,81.522237096929,17,1,0,1,0,0,0,0,1
21,0,40198.2300000309,3,1,3,9,72.45940170481575,3,1,0,1,0,1,1,0,0
58,0,43436.24735404185,1,0,0,3,87.25333909066023,18,0,1,1,1,1,1,1,0
54,0,54820.2250095092,3,0,3,9,68.85861842416028,9,0,1,0,0,1,0,0,1
19,0,62623.58438438694,1,0,0,3,76.78473670246689,16,1,1,0,1,1,0,1,0
55,0,68130.3960212328,3,1,1,3,111.14885090205078,23,1,1,0,0,0,0,0,0
25,0,50313.04224029669,2,0,1,0,101.26668766649894,17,1,0,0,1,1,0,1,0
22,0,51130.04995476541,0,1,2,3,92.28107183875592,11,0,0,0,0,0,1,0,1
64,0,46850.7423720036,1,0,3,9,117.51005117089196,17,1,0,1,0,0,0,0,0
41,0,69356.30214837905,3,0,1,8,89.65203261808335,2,0,0,0,0,1,0,0,0
38,0,39621.08454607538,0,1,1,2,122.2978712302074,1,1,1,1,0,1,0,1,1
39,0,54077.54536695364,3,1,1,10,52.12963823138079,11,0,0,0,0,0,1,0,1
44,0,41628.6901294215,1,1,3,5,73.14776668109204,2,1,0,0,0,1,0,0,0
56,0,42624.62970404473,3,0,3,6,142.242401702473,0,0,1,1,1,0,1,0,0
43,0,52119.43696314997,1,1,3,5,89.27063453057382,11,0,0,1,1,1,0,0,1
55,0,39993.44699372318,1,0,0,8,57.72314740070386,7,1,1,0,0,0,1,1,0
18,0,55842.25797196322,2,0,1,2,147.4752246508013,20,0,0,1,0,0,0,0,0
47,0,41024.50718541036,3,0,1,9,130.4396846283013,9,0,0,0,0,1,1,0,0
39,0,46118.33424159688,0,0,2,7,123.14286649027012,0,0,0,0,1,0,0,1,0
39,0,42739.57779113058,2,1,2,8,136.31054580339958,22,0,0,0,1,0,0,1,1
27,0,53439.19420993182,1,1,2,0,58.55858731720378,22,1,1,1,0,0,0,0,1
42,0,45059.87418984674,0,0,1,4,110.7591607317196,19,0,1,0,0,0,1,0,1
19,0,64707.86672289501,1,0,1,6,114.74054687409868,16,0,0,0,1,0,0,0,0
32,0,42239.75573706444,3,0,1,9,95.35556605005615,9,0,0,0,0,1,1,0,0
28,0,31265.7310252519,0,1,1,10,83.57150087046695,14,0,1,1,0,0,0,0,0
25,0,70765.9706801874,2,0,1,1,128.80677958268004,18,0,1,0,0,1,1,1,1
43,0,54767.89534673335,3,1,3,6,113.59226180495416,8,0,0,0,0,1,1,1,0
32,0,58774.56348377688,0,0,1,3,135.58967402210425,20,0,0,1,0,0,1,0,1
42,0,45435.72324111712,3,0,0,4,122.07187154606812,20,1,1,1,0,0,0,0,1
40,0,63053.33967902994,3,1,1,2,145.0518215289813,0,0,1,0,1,1,1,0,0
20,0,43554.91643683527,0,0,2,1,98.4324540274536,12,0,0,0,1,0,0,0,1
50,0,72252.12524537688,2,1,0,4,94.66339687854514,6,0,1,0,0,1,1,0,0
27,0,45901.19836753368,3,0,0,7,101.08032187228154,7,0,1,1,0,1,1,0,1
50,0,69977.81644336769,2,0,1,6,129.02103500547474,9,0,0,0,0,1,0,0,1
56,0,53997.86004204923,2,0,1,6,92.98882138621777,12,1,1,0,1,0,0,1,1
24,0,42600.03416066755,2,1,2,8,116.89820507063617,11,0,0,0,0,0,0,1,1
28,0,40336.54785963935,1,0,3,1,142.69850153000291,5,1,0,1,1,0,0,0,0
50,0,42922.02819485006,3,1,3,3,129.1820648684499,10,1,1,1,0,0,0,1,1
52,0,56600.80983034058,1,0,2,4,98.5493588875961,21,0,0,0,1,0,0,1,0
57,0,62680.50703923192,2,1,3,4,83.67345316124096,7,0,1,0,0,0,1,0,0
48,0,37480.687573405085,3,0,0,3,109.82605797669352,20,0,0,1,0,0,1,0,0
45,0,51594.28091748882,1,1,2,1,92.299279410466,2,0,1,0,1,1,0,0,0
44,0,53658.247444632754,2,1,3,1,57.31493389672277,11,0,0,0,0,0,0,1,1
41,0,59097.76813139909,0,0,2,4,99.64101204049948,23,1,0,0,0,0,0,0,1
33,0,34166.66221888852,3,1,2,10,92.0898649486533,11,1,1,0,1,0,0,0,1
25,0,38369.13018796884,1,1,3,7,86.0397948114714,17,1,1,0,0,1,0,0,0
52,0,57172.89271337055,3,0,1,10,101.8661417803777,0,0,1,0,1,0,0,0,1
26,0,41479.11913564737,1,1,2,1,80.84234583591468,6,1,0,0,0,0,1,0,0
19,0,61938.57760508882,3,1,2,7,102.10377551812678,13,1,0,1,0,0,0,1,0
24,0,31592.184551346138,2,1,0,1,116.3864691444102,18,1,1,0,0,1,0,0,0
62,0,42148.378497832105,3,0,2,5,95.50180036924472,1,1,0,0,0,0,1,1,0
18,0,56673.92556127681,2,0,3,2,100.43288274921925,22,0,0,0,0,0,0,1,1
25,0,47663.5007244916,3,1,2,0,107.25039021816814,23,1,0,0,0,0,0,1,0
62,0,42441.18045882294,3,0,2,8,103.92482127694844,23,1,1,0,1,1,0,1,1
36,0,43753.58029607622,3,0,0,6,88.58641988775318,13,0,0,1,1,0,0,0,0
18,0,51275.88247222328,1,0,1,1,108.55934128164851,15,1,1,0,0,0,1,0,0
58,0,36338.8919199649,1,1,1,4,103.33245745652005,17,1,0,1,1,0,1,0,0
60,0,53334.381903127,0,0,1,1,104.5060679006398,9,0,0,0,0,1,0,0,0
26,0,59367.31594289616,3,1,0,0,95.92974593446772,6,0,0,0,0,0,1,1,0
30,0,55926.3911829915,3,0,1,0,110.1486998043278,11,0,0,0,1,1,1,0,1
57,0,49855.12653030424,0,0,2,7,97.23896743902912,1,1,0,0,0,0,0,0,0
41,0,50991.968733893606,3,1,0,10,123.47297775433329,11,0,1,0,0,0,0,0,1
46,0,35733.10438866458,0,1,3,5,119.11604104597411,23,1,0,1,1,0,0,1,0
51,0,50365.880216980695,3,1,2,7,106.74118274564816,4,0,0,0,1,0,1,1,0
43,0,52519.81959585786,1,0,3,2,78.04431457842797,13,0,1,1,1,0,0,0,0
31,0,58000.07048438994,1,1,2,8,95.4123314586292,7,0,1,0,0,1,0,1,0
25,0,56379.81228086136,0,0,1,3,86.50007569668674,8,1,0,1,0,0,0,1,0
48,0,46080.0927977034,3,0,0,6,133.42213319299566,11,1,1,0,0,1,0,0,1
38,0,52178.46936451718,3,0,3,4,78.51818858079156,17,1,0,0,0,0,0,0,0
23,0,59009.08068844247,1,1,3,5,123.554346180753,7,0,1,0,0,0,0,0,0
25,0,43995.923927026335,3,0,3,1,99.97750829971386,2,0,0,0,1,1,0,0,0
41,0,56348.81150340688,0,0,0,8,131.9761150803822,19,0,0,1,0,0,1,0,1
61,0,66244.9208679058,1,1,0,3,137.17190107680292,2,0,0,1,0,1,0,0,0
52,0,57080.840883000645,3,1,3,2,133.57307585286526,0,0,0,0,1,1,0,0,0
23,0,44796.02010342669,2,1,1,2,92.66737215644744,4,0,0,1,1,0,0,1,1
63,0,61627.626815938456,2,0,2,0,111.50912350234162,16,0,0,0,1,0,0,0,1
38,0,61797.612508430975,2,0,3,9,98.71405173362784,1,1,0,0,0,0,1,0,1
21,0,55273.84197969758,0,0,1,9,86.55418597397639,5,0,1,1,1,0,0,0,0
29,0,41383.08555378413,1,1,0,9,78.09774106513444,16,0,0,0,1,0,0,0,0
38,0,58763.49468346267,2,0,3,4,134.78481905334706,9,0,0,0,0,1,1,0,0
59,0,51823.62326457196,0,0,3,1,69.50364265097001,10,0,1,1,0,0,0,0,1
44,0,48130.68249242901,0,1,3,7,97.77074891319673,9,1,0,0,0,1,0,0,0
61,0,33893.6992122953,2,0,2,2,82.22294440710995,20,0,0,1,0,0,0,1,0
49,0,44052.15584742066,2,1,1,6,101.4260341783481,12,0,0,0,1,0,0,0,1
36,0,55166.03131292684,3,0,2,2,83.44908384016813,23,1,0,0,0,0,0,0,0
60,0,69742.6910559033,1,1,2,1,78.08535052236806,7,0,1,0,0,0,0,0,0
37,0,49650.55737522971,0,1,0,4,137.6394207640814,16,0,1,0,1,0,0,1,0
54,0,31173.21136669649,0,1,1,4,103.53795792992132,8,0,1,0,0,0,1,1,0
63,0,31042.39118697902,2,0,2,6,89.70933109877258,13,0,0,1,0,1,1,0,0
63,0,54080.4709613782,3,1,1,2,98.17388890352292,22,1,0,0,0,1,0,0,1
32,0,35060.1270779066,0,1,0,5,124.38087888274316,4,0,0,0,0,0,0,1,0
57,0,42166.3294565624,1,1,3,10,126.92723982373242,11,0,0,0,0,0,1,0,1
50,0,34823.7465037603,1,0,0,7,106.00381094738314,12,1,0,0,0,0,1,0,1
33,0,56808.01760719087,1,0,3,6,44.94275034172863,3,0,1,1,0,1,0,1,1
31,0,53716.59909110713,2,0,2,9,128.35333741822924,11,0,1,0,1,1,0,1,1
64,0,42643.214144238525,2,1,0,0,112.18219065103268,6,0,0,0,1,0,1,0,0
52,0,62821.80753785544,0,1,1,9,111.25339450199344,7,0,1,1,0,1,0,0,0
37,0,37960.09371456844,2,0,2,2,132.1012119953834,13,0,0,1,0,1,0,0,0
60,0,56112.79075405381,0,0,3,10,90.84645911746654,4,0,0,0,1,0,1,1,0
43,0,39153.84700867308,0,1,1,9,90.7862297695808,18,0,1,1,0,0,0,1,1
58,0,44391.9469405877,1,0,3,8,118.32495928010609,1,1,0,1,0,0,0,0,0
20,0,36895.18241079519,3,1,2,2,101.3798577806609,14,1,1,0,0,0,0,0,1
34,0,49048.42291600128,0,0,2,1,102.66888715822223,12,0,0,0,1,0,0,0,1
35,0,54094.51740826892,3,1,2,0,97.58731539519944,4,0,0,0,0,1,1,1,1
46,0,50470.30420624865,1,1,2,6,58.35013363638772,16,0,0,1,1,0,1,1,0
43,0,50321.8632330116,1,1,3,7,100.93955564212098,22,0,0,1,0,1,1,1,1
20,0,50579.51559314082,2,1,2,2,121.0591623246502,9,1,0,1,0,1,0,1,0
35,0,47558.42065773348,3,1,0,5,51.330339294981904,17,1,0,0,0,0,0,0,1
49,0,71809.54009964826,2,0,0,5,102.2410158909746,23,1,0,0,0,0,0,0,0
58,0,40024.53165377961,3,0,1,7,122.5331364358548,2,0,1,0,1,1,0,0,0
40,0,43028.86055029185,3,1,2,5,84.0056653687376,0,0,0,0,1,0,0,0,0
63,0,39981.64967497994,0,0,1,7,104.9823399874178,18,0,1,0,0,0,1,0,0
41,0,39028.10192275608,0,1,2,3,83.33552044538824,13,1,0,1,0,0,0,1,0
54,0,41437.91453755727,0,1,1,7,114.71171961676458,14,1,1,0,1,1,0,0,0
39,0,47170.29784284145,0,1,0,1,107.86210768031034,14,1,1,0,0,0,0,1,0
60,0,62051.13849596851,1,1,0,7,109.33872291903197,19,0,1,0,0,0,1,1,1
63,0,65057.54367221714,3,1,2,8,106.26057911082242,3,1,0,0,0,1,0,0,0
36,0,41945.75091165386,3,0,3,10,111.45106633335476,14,1,1,0,1,0,0,0,0
25,0,57072.72463105816,2,1,1,9,109.07775265188953,5,0,0,0,1,0,0,0,0
60,0,57543.06168160975,1,0,2,3,95.89818752283104,19,0,0,0,0,0,1,0,0
42,0,61325.99300953428,2,1,1,4,81.12592005376212,14,0,1,1,1,0,0,1,0
52,0,37858.32133864986,1,1,1,4,98.09262164472858,2,1,1,0,0,1,0,1,0
62,0,59502.639750884,3,0,3,3,133.13926898486153,4,1,0,0,0,0,0,1,0
28,0,45451.9790180491,3,1,2,2,101.14251244407056,11,0,0,1,0,1,0,0,1
45,0,63570.31110650936,3,1,1,6,108.43318198217854,13,1,1,1,0,1,0,1,0
57,0,47598.306278795,2,1,0,4,75.77433380593021,20,0,1,1,0,0,0,0,0
46,0,56644.23940657715,1,0,2,9,131.824497360117,0,0,0,0,1,0,0,0,0
58,0,47669.90660459781,3,1,2,8,121.5292959285435,6,0,0,0,1,0,1,0,1
48,0,39625.28760005639,0,1,0,8,124.22666634613472,13,0,0,1,1,0,0,0,0
35,0,45785.42871710892,2,1,3,7,131.3425339467579,17,1,1,0,1,1,1,1,0
20,0,52420.80193647897,2,1,2,5,64.51007010349468,12,0,0,1,1,0,1,1,1
25,0,45377.77628275466,1,1,3,2,116.9950269278902,12,0,0,0,0,0,0,0,1
24,0,48669.49430363346,2,0,1,5,79.7804324417843,3,1,0,0,0,1,0,0,0
25,0,47179.25547654286,3,1,3,6,82.1067898696067,14,1,1,0,1,0,0,1,0
47,0,50757.422406866,2,0,1,8,110.31714703901568,6,0,0,0,1,0,1,0,0
19,0,53639.5317637537,0,0,1,2,105.48323331535416,22,1,0,0,0,0,1,0,1
37,0,56829.67725427206,3,0,0,4,85.34252915471475,18,0,1,1,0,0,0,1,1
48,0,52881.65020956419,0,1,3,1,112.37101376340068,5,1,0,1,1,1,0,1,1
43,0,54902.04151431771,0,0,1,8,100.65617078041458,8,0,0,0,0,0,0,1,0
50,0,33982.13863211003,0,0,1,9,100.03365591500784,11,0,0,0,0,0,0,0,1
43,0,36228.660799090176,1,0,2,2,111.03361468788754,17,1,0,0,0,0,0,0,1
57,0,23854.38513717521,2,1,2,10,89.85483711179647,14,1,1,0,0,1,0,0,0
40,0,55313.40933070431,0,0,0,4,107.53115582059642,8,0,0,0,1,0,0,1,0
46,0,42396.55075339965,3,0,3,2,91.4735851263609,5,1,0,0,1,0,1,0,1
27,0,43121.12616206536,0,0,1,10,74.39776994111233,13,1,0,1,0,1,0,0,0
25,0,54552.90411667645,2,1,1,9,77.37484258965469,18,0,1,0,0,1,0,1,0
58,0,54335.65941125504,3,1,2,7,96.7514183316859,0,0,0,0,1,0,0,1,0
24,0,64803.91077930596,1,1,1,6,112.3916469859016,22,0,0,0,0,0,0,0,1
44,0,57664.07992353078,2,0,2,10,122.47444541973952,14,1,1,1,0,1,0,0,0
64,0,45069.39835922239,2,1,3,8,78.07765345395606,16,0,1,0,1,0,0,0,0
24,0,51297.08768220882,0,1,1,6,106.69725069497764,0,0,0,1,1,0,0,0,1
30,0,52131.36714491339,3,1,1,0,106.64498578193069,3,0,0,0,0,1,1,0,0
51,0,46980.85343488696,1,1,1,8,106.80589915319204,20,0,0,1,0,0,0,0,0
29,0,37361.71444098623,3,1,3,4,120.21079068822448,4,0,0,0,0,1,0,1,0
32,0,62392.97835044229,3,1,1,5,105.23227317510252,4,0,0,0,0,0,0,1,0
59,0,52944.262890187696,1,0,0,6,118.32812683420237,5,0,1,1,1,0,0,0,1
54,0,55849.005545001295,2,0,0,2,121.7561813590758,14,1,1,0,0,0,0,0,0
62,0,60938.68878693918,3,1,2,1,99.73124524663956,0,0,1,1,1,0,1,0,0
31,0,47854.18997174323,1,0,0,2,120.3192819118547,17,1,0,0,1,0,0,0,0
56,0,34531.33722488702,3,0,3,3,107.69360541510926,19,0,0,0,0,0,1,0,0
23,0,44259.56988811307,2,1,3,5,110.9064325657102,21,0,0,1,0,0,0,1,0
63,0,44691.10221795777,2,0,3,8,107.18881443834609,22,0,0,0,0,1,0,0,1
35,0,58092.15165204458,1,1,2,2,61.867247911623934,8,0,0,0,0,0,0,1,0
21,0,60175.73156172877,3,0,3,4,126.25106039870036,19,0,0,1,1,0,1,0,1
30,0,49078.14717362518,3,1,2,3,101.62152159431896,4,1,1,0,0,0,0,1,0
22,0,68426.11775603864,2,0,3,3,132.01310004217137,7,0,1,1,0,1,1,0,0
56,0,51206.45732055271,2,0,2,6,111.5030921554122,23,1,1,0,1,0,1,0,0
63,0,38979.28603926908,1,0,3,3,116.06769437443305,1,1,0,0,0,0,1,1,1
21,0,34538.808187839044,1,0,1,8,83.12744876587871,10,0,0,1,0,0,0,1,0
55,0,46948.289735612765,2,1,0,0,79.01924224141226,17,1,0,0,1,1,0,0,0
50,0,53073.87686830314,2,1,3,5,79.68101572406297,4,0,0,0,0,0,0,1,0
27,0,47421.56230052875,2,1,3,3,105.39355919621828,6,0,0,0,0,0,1,0,1
22,0,49441.02540676641,0,0,0,3,124.51563837634951,6,1,0,0,0,0,1,0,0
53,0,27143.854626541364,1,1,2,7,144.55678076749234,13,0,1,1,0,0,1,0,0
63,0,51076.84750551997,2,0,3,0,105.74895002882636,18,0,1,1,1,0,0,0,1
57,0,58880.57112844298,0,1,0,3,112.2446103089342,15,0,0,1,0,1,1,0,1
47,0,43525.30175481249,0,1,1,10,101.52176045314056,15,0,0,1,0,0,1,1,0
32,0,46107.18897442144,2,0,2,3,110.07765566412615,8,0,0,0,1,1,0,1,1
22,0,46922.803252336336,2,1,1,3,106.95289929689442,0,1,0,1,1,0,0,1,0
28,0,51696.36026448404,0,0,2,9,127.72840320955746,12,0,0,0,0,0,0,0,1
52,0,52384.52572516087,0,1,1,3,103.49396717603574,12,1,1,0,0,0,0,0,1
37,0,41379.74786665558,3,1,3,2,107.94040702936564,18,1,1,0,0,0,0,0,0
56,0,26289.80904222418,2,0,0,0,113.43179845783384,23,1,1,0,1,0,1,0,0
21,0,68900.97185366144,2,0,3,4,92.2157723812085,15,0,0,1,1,0,1,0,1
61,0,61975.15175238676,2,1,0,9,108.31165309797898,15,0,0,1,0,1,1,0,0
63,0,43061.0038326574,3,0,1,6,117.049253575239,4,1,0,1,0,1,0,1,0
43,0,52210.70108285669,1,0,3,9,47.73253452676286,2,0,0,0,1,1,0,1,1
62,0,51038.96626677266,1,1,0,5,110.97541356400242,4,0,1,0,0,0,0,1,1
54,0,48044.682032156365,1,1,1,7,104.92145835109758,1,1,0,0,0,0,0,0,0
32,0,67547.27919356116,0,1,0,6,57.38640607547436,17,1,1,0,0,0,0,0,0
21,0,63138.21128500479,0,1,3,9,77.28699097799532,11,0,1,0,1,0,0,1,1
59,0,48842.6034380062,2,1,3,3,85.88638996820406,10,0,0,1,1,0,1,0,0
33,0,47924.01620818699,0,0,0,9,87.48807884367056,10,0,0,1,0,0,0,0,0
21,0,27398.9981144425,0,1,1,8,101.39504891314589,7,0,1,0,0,1,0,0,0
30,0,60348.00299502818,2,1,1,0,107.90550953037136,19,1,1,0,1,0,1,1,0
46,0,68026.20892514914,0,0,1,10,95.30641945076464,12,0,0,0,0,0,0,0,1
60,0,50355.45048301573,3,1,2,8,80.53795275439836,3,1,0,1,0,1,0,0,0
53,0,51878.592066901314,2,0,1,7,102.76006274538868,14,0,1,0,0,1,1,0,1
52,0,42923.50008987043,3,0,1,10,97.11804152758342,0,0,0,0,1,0,0,0,1
35,0,25532.630225369157,3,1,2,0,140.89497689534107,12,0,0,0,0,1,1,1,1
61,0,52071.45883876831,3,0,0,0,89.59455830889652,23,1,0,1,1,0,0,0,0
50,0,36119.22414017058,0,1,0,0,105.7506081020814,23,1,0,0,0,1,0,0,1
37,0,41201.77474692266,0,0,3,7,68.25885394360682,5,0,0,0,1,0,0,1,0
32,0,48668.72733203171,2,1,1,8,134.8095836718268,19,0,0,0,0,0,1,1,1
52,0,69077.33065197415,2,0,0,4,150.1002155978785,17,1,0,0,0,0,0,0,0
34,0,44289.75198740905,0,1,0,5,47.51330092292741,2,0,1,0,1,1,0,1,1
52,0,61500.82638340999,3,0,3,4,154.72151779755467,0,0,0,0,1,1,0,0,1
20,0,52855.50529318164,1,1,3,4,94.99148929377586,15,0,1,0,0,0,1,0,0
35,0,39432.81023455739,0,1,0,1,65.41894462428998,20,0,0,1,0,0,1,0,0
48,0,38521.30859454559,3,1,2,6,88.5383185807902,13,0,0,1,1,1,0,0,0
32,0,49215.27702162126,1,0,2,9,81.52924067702746,1,1,0,0,1,1,0,1,0
28,0,53971.515021248255,0,0,1,7,87.3343607744195,22,1,0,1,0,0,1,1,1
47,0,67935.4174500432,3,0,2,2,65.9834079744114,14,1,1,0,0,0,0,0,1
62,0,41942.34658462829,2,1,0,4,80.00079459790794,14,1,1,0,0,1,0,1,1
49,0,68556.32951900417,2,0,0,1,96.67401368244738,16,0,0,0,1,0,0,0,0
36,0,51233.737373358046,3,0,0,8,102.87105029289644,23,1,1,0,0,0,1,0,0
55,0,61081.289996631655,0,1,2,7,117.302592127292,13,0,0,1,0,0,0,0,0
43,0,51594.72335448805,0,1,2,10,129.5434185715615,3,0,0,0,1,1,0,0,0
62,0,52373.20439375634,0,0,3,5,95.75321020682362,18,0,1,1,0,0,1,1,0
59,0,31638.88738800633,2,1,3,4,85.5266350751232,8,0,0,0,0,0,1,1,1
39,0,59052.90575809126,0,1,3,1,114.8168892773967,1,1,0,0,0,0,0,0,0
41,0,29337.77865658134,1,0,3,8,90.22116434893664,18,0,1,0,0,0,0,1,0
33,0,72258.38200669081,1,0,1,3,129.86228644314974,17,1,0,0,1,0,0,1,0
48,0,49748.30707136975,1,1,3,10,112.2517193546044,6,0,0,0,0,0,1,0,0
61,0,48472.75489198072,3,0,0,8,80.08305640431797,20,1,0,1,0,0,1,0,0
27,0,48180.25511420688,1,1,0,10,98.14472492160672,10,0,0,1,0,1,1,0,0
33,0,56197.65889167777,3,0,1,7,63.47224136098567,8,0,1,0,0,0,0,1,1
34,0,31188.85160873064,2,0,1,9,110.62772683045064,22,0,1,0,0,1,0,0,1
29,0,40597.0115009189,0,0,3,8,105.97998849154835,4,1,0,0,0,1,0,1,0
20,0,47778.88158075261,2,1,0,10,69.0377343386811,7,0,1,1,0,0,1,0,0
63,0,45039.55229258654,3,0,3,7,65.2572123618172,5,1,1,0,1,0,0,0,0
18,0,45686.46645338517,1,1,3,5,87.06476539613644,6,1,0,0,0,1,1,0,0
28,0,35062.976045668904,2,1,3,8,56.270923398122896,20,0,0,1,0,1,1,0,0
50,0,51286.77006164503,2,1,2,4,95.3574689240146,4,0,0,0,1,1,0,1,0
25,0,58301.84053318975,3,1,3,7,142.46749003448485,8,1,0,0,0,1,0,1,1
52,0,59410.1153851423,1,1,0,6,110.9098670367701,4,1,0,0,0,0,0,1,1
52,0,61775.02209050491,2,0,1,6,99.57026400903396,22,1,0,0,0,1,0,1,1
26,0,42447.51435100526,0,0,3,9,110.1091971314052,15,0,1,0,0,0,1,1,0
18,0,66935.9611165606,2,1,1,1,109.60616662322194,5,0,1,0,1,0,0,1,0
63,0,40160.12356543886,2,1,1,6,120.85001457696404,14,0,1,0,0,0,1,0,1
46,0,46185.84395554335,3,0,3,8,86.71584623694007,23,1,0,1,0,0,0,0,0
50,0,28510.73368630551,0,0,2,5,142.5149938401202,6,0,0,0,0,1,1,0,0
45,0,49649.55824566794,0,1,2,6,118.08647985008054,7,0,1,0,0,0,0,1,0
56,0,57387.70386294932,3,0,0,0,90.41814528401274,22,1,0,0,0,0,0,0,1
36,0,44825.64318399921,3,0,0,5,92.72930180642015,2,1,0,0,0,1,0,0,0
25,0,49877.32639271137,3,1,2,8,78.94793299222201,1,1,1,0,0,1,0,1,0
45,0,57315.77653182078,0,1,0,5,127.64318775603556,1,1,0,0,1,0,0,0,0
45,0,49476.66160756553,0,1,0,0,54.75998808086212,15,1,0,0,0,1,1,0,0
36,0,52454.08665800989,0,1,1,1,88.40796867436764,10,0,0,1,0,1,0,0,0
39,0,65374.51430072397,0,0,2,3,130.81236500825034,7,0,1,1,0,1,0,0,0
43,0,57160.45422682951,2,1,3,4,101.93893677435858,10,0,0,1,0,0,0,1,0
57,0,46716.816257306586,3,0,1,4,119.86001621646952,12,0,0,0,1,0,0,0,1
46,0,47705.93730841343,1,1,3,3,95.59115602836982,17,1,1,0,0,0,0,0,0
55,0,56720.38177501842,0,0,1,10,115.9026023279558,21,0,1,0,0,0,0,1,0
53,0,42043.866309718,0,1,2,9,89.71970590752638,18,0,1,1,1,0,0,0,0
52,0,50542.15622648748,3,0,3,2,55.789524269648886,9,1,0,0,0,1,1,0,0
34,0,53943.59283629445,2,0,2,9,134.3338136301099,11,1,1,1,0,0,0,0,1
44,0,62918.47735895562,2,0,0,5,91.34775371793724,20,0,0,1,0,1,0,0,0
51,0,51375.59642018304,1,0,3,0,134.1399393843139,4,0,0,1,0,0,0,1,0
21,0,60452.71380138495,1,1,3,10,112.632025001856,2,0,0,0,0,1,0,0,1
24,0,46222.21566541244,3,1,0,2,126.82704398061132,10,1,0,1,1,0,0,0,0
24,0,52114.30117320886,2,0,3,0,76.89333925481627,12,1,1,0,0,0,0,0,1
39,0,47425.15798765414,1,0,2,9,90.52764983923996,17,1,0,0,1,0,0,0,0
42,0,49974.58079645256,1,1,3,2,109.94156139798991,18,1,1,1,0,0,1,1,0
48,0,50456.836857849645,0,1,0,2,73.74067981727379,10,1,1,1,0,1,0,0,1
53,0,60552.020301781056,0,0,0,8,82.88832226912865,9,0,0,0,0,1,0,0,0
24,0,57390.98178851427,0,1,3,9,101.66933197553648,8,0,1,0,0,0,0,1,0
23,0,46629.93437719729,3,1,0,9,91.01090129645894,3,1,0,0,1,1,0,0,1
27,0,29920.101430961942,1,0,1,5,135.3504072623387,12,1,0,0,0,0,0,0,1
21,0,64159.11303189024,2,0,3,5,112.15750858655748,1,1,1,0,1,0,0,0,0
36,0,30899.228749243517,0,0,2,2,93.3783790588548,11,0,0,0,1,0,0,0,1
32,0,48455.54331282908,2,0,1,1,100.44610266872418,3,0,1,0,0,1,1,0,1
50,0,47512.42680181934,0,0,0,9,97.8490428494187,19,0,0,1,0,0,1,0,1
56,0,59499.2866755638,0,0,2,10,129.42242325064703,7,0,1,0,1,1,0,0,0
29,0,59530.45264218691,2,1,0,10,103.6906089998172,16,0,0,0,1,0,0,1,0
63,0,40634.444521202975,0,0,2,1,104.70003522150876,11,0,0,0,0,1,0,0,1
64,0,51370.11061363616,3,1,0,7,89.48289194348078,0,1,1,0,1,0,0,0,0
39,0,46453.85283402358,1,0,0,4,56.27500100738504,1,1,1,0,0,0,1,0,0
57,0,42605.968417282726,0,0,0,0,107.47027363850768,5,0,0,0,1,0,0,0,0
54,0,41498.105484637694,2,1,2,7,71.96301397962077,23,1,1,1,0,0,1,1,0
27,0,46322.0575018827,2,1,3,5,86.75938698532204,6,0,0,1,0,0,1,0,1
64,0,45891.48745687989,1,0,1,9,91.19559345688428,3,0,0,0,1,1,0,1,1
59,0,65722.68156374464,2,1,1,9,128.38618133000526,22,0,0,0,0,0,0,1,1
63,0,68354.5825613484,0,0,2,3,76.07885389728452,11,0,0,0,0,0,0,0,1
27,0,37657.74053960543,0,0,2,7,98.80589114881788,1,1,0,0,1,1,0,0,1
23,0,50250.66229046997,3,1,2,0,84.96798229922769,16,0,1,1,1,0,0,1,1
39,0,46240.10913348,1,0,0,10,135.08512910701018,7,1,1,0,1,0,0,1,1
43,0,44907.86209683854,0,0,1,6,109.65881051432788,6,1,0,0,1,0,1,0,0
46,0,64748.02191999898,0,0,2,9,116.83000411308308,20,0,0,1,0,0,0,0,1
25,0,58482.83282571661,2,0,0,0,100.72838732000017,20,0,0,1,1,1,0,0,0
35,0,51898.02080895441,3,1,2,0,91.10070356106236,16,0,0,1,1,0,0,1,0
37,0,45225.78329057563,0,0,3,6,130.55234167510773,14,1,1,0,0,0,1,0,1
62,0,61686.10488418382,3,1,3,1,92.84674106775408,18,1,1,0,0,0,0,0,0
56,0,54543.97171278544,1,0,2,10,73.61892492449914,18,0,1,0,0,1,0,0,0
34,0,52249.66507573619,0,1,0,5,105.658991612885,15,0,0,0,1,0,1,0,1
64,0,36821.33729264273,2,1,0,2,69.79747398471918,17,1,0,0,0,0,1,0,0
21,0,47161.65488950144,1,0,3,3,109.39983168723184,20,0,0,1,0,0,1,0,0
56,0,45431.70387490453,0,0,2,4,101.90741863889158,2,0,1,0,0,1,0,0,0
61,0,40044.58820310812,1,1,0,9,113.07721044952795,8,1,0,1,0,0,0,1,0
58,0,73513.39333892296,3,1,3,3,116.1518729342174,12,0,0,0,0,0,0,1,1
45,0,38363.08179988364,0,0,0,2,98.46749924305765,23,1,0,0,0,0,0,0,0
28,0,64971.84182288026,3,0,3,10,105.29055981478888,11,0,1,0,1,1,0,1,1
56,0,44348.84138102881,0,1,2,2,78.87925114447552,5,0,0,0,1,0,0,0,0
33,0,43061.64940422977,1,1,0,7,127.64805991518536,14,1,1,1,0,1,1,1,0
51,0,53486.63351867767,1,0,2,2,107.43195516663684,10,0,0,1,0,0,0,0,0
36,0,45811.31769034883,1,1,3,1,102.89624664134055,9,0,0,0,0,1,0,0,0
51,0,63098.969578033386,3,0,1,3,78.69497666019541,5,1,0,1,1,0,0,1,0
40,0,48174.0683229948,1,1,1,6,75.74279291622372,8,1,0,0,0,0,0,1,1
64,0,32321.49730314393,3,0,3,0,96.93828420455544,23,1,1,0,1,0,0,1,0
42,0,45170.91878706779,0,1,2,9,76.88570941315865,7,0,1,0,0,0,0,1,1
42,0,54757.65271430474,3,1,1,10,119.47831900118138,22,0,1,0,1,0,0,0,1
30,0,41629.5398181769,2,0,3,1,118.6111001658129,14,0,1,0,0,1,1,0,0
23,0,60663.89348962556,2,1,1,9,98.33421921901989,11,0,0,1,0,0,0,0,1
26,0,47247.47493025682,1,1,1,5,80.46110813069016,1,1,0,0,0,1,0,0,0
37,0,28945.447474009103,2,1,3,2,75.32969419760005,23,1,0,0,1,0,0,1,0
20,0,61830.528631131136,0,0,1,5,105.72331348241252,22,0,1,0,0,0,0,0,1
33,0,43988.19811660803,3,1,3,10,141.1723186936755,10,1,0,1,0,0,0,0,0
41,0,36747.1525209805,1,0,3,7,95.70202264470676,14,0,1,0,1,1,0,1,0
53,0,34314.17917251573,2,0,1,3,96.24220371146916,16,0,0,0,1,1,0,0,0
41,0,52459.68039800273,3,1,0,1,100.25197385432752,15,1,0,0,0,0,1,0,1
55,0,59099.57775260885,3,0,2,10,108.90597957629566,8,0,1,1,0,1,1,1,0
35,0,38112.95640454735,0,0,0,4,81.5748378352676,13,0,0,1,1,1,0,0,0
56,0,48651.43455091765,0,0,0,4,102.69884202709436,18,0,1,0,0,1,0,1,0
20,0,41225.92997448343,0,1,2,5,58.10285900305949,13,1,0,1,0,0,1,1,1
49,0,59344.5811843784,0,1,3,6,94.8087597994815,23,1,0,0,0,0,0,0,0
45,0,42395.70803402599,0,1,2,9,115.65463938384433,11,1,1,0,0,0,0,0,1
59,0,51452.53855134162,3,1,1,4,86.0479059726877,21,1,1,0,1,0,0,1,0
59,0,53678.04381726076,3,1,2,1,81.96431522635423,2,0,0,0,0,1,1,0,0
18,0,44881.10927621864,0,0,0,9,84.09060740840144,13,0,1,1,0,0,0,1,0
21,0,40084.10441610245,0,1,1,5,79.75326443871772,16,1,0,0,1,1,1,0,1
64,0,43973.55008493944,0,1,1,6,82.24469284775813,20,0,0,1,1,0,0,1,0
27,0,54162.518497704325,1,0,3,7,101.3638025367978,22,0,1,0,1,0,0,0,1
36,0,42746.84587125786,3,0,2,8,85.85883218940333,6,1,1,0,0,0,1,0,1
59,0,51890.2872349272,0,0,3,0,95.0290384787454,4,0,1,0,0,0,0,1,0
38,0,53990.72471829079,0,1,0,5,102.79946236937433,16,1,0,0,1,0,0,0,0
64,0,56949.73704120083,2,0,0,5,104.97875425822704,15,0,0,0,1,0,1,0,0
48,0,51428.476388078605,3,1,0,2,110.24752036226852,22,0,0,1,1,1,0,0,1
56,0,44928.44333791607,2,0,1,2,107.88263877447532,8,0,1,0,0,1,0,1,0
64,0,49157.077152678445,2,0,3,9,96.07804695844678,18,0,1,0,0,0,0,1,0
19,0,51009.24539969646,0,1,2,8,130.176055880121,14,1,1,0,1,0,0,0,1
59,0,33044.95188489255,3,0,3,10,103.53947088391035,3,1,1,0,0,1,1,0,0
54,0,58995.94798576523,0,1,2,4,121.49268200731814,14,0,1,0,1,0,0,0,1
41,0,50891.77881833846,3,1,0,2,130.04988856657795,9,0,0,1,1,1,1,0,1
27,0,58940.33276912005,3,0,3,10,100.1527859386344,15,0,0,0,1,1,1,1,0
54,0,67071.87088156326,2,0,0,4,82.32272480346194,13,0,0,1,0,0,0,0,0
41,0,56957.35193003291,1,1,1,6,41.97582309193543,21,1,0,0,0,1,0,1,1
28,0,48261.63545013206,1,1,2,5,79.90360833403892,4,0,0,0,0,0,0,1,0
43,0,48961.90600566573,3,1,3,8,94.51203628352928,22,0,0,0,0,0,0,0,1
33,0,56901.84719924685,2,0,3,9,115.34786223927556,1,1,0,0,0,0,0,0,0
55,0,41957.92957957794,0,0,0,10,114.98490592290317,15,0,1,0,0,1,1,0,0
43,0,52565.61536438526,3,0,3,1,101.29028073237842,14,0,1,0,1,1,0,0,1
45,0,39452.161582983856,0,1,2,4,91.51432876029804,0,0,1,0,1,0,1,0,0
51,0,42604.10554862373,3,1,3,3,91.28386848458584,20,0,0,1,0,0,0,0,0
31,0,38102.45561787404,0,0,2,5,93.402013278787,3,1,0,1,1,1,0,0,0
37,0,50318.20825127652,2,1,2,7,127.03661662488274,7,0,1,0,0,1,0,1,1
46,0,58864.68402354271,1,0,2,10,93.64940231186462,5,1,0,0,1,0,0,1,1
35,0,38610.66206403775,3,1,3,3,88.02995166616932,1,1,0,0,1,0,0,0,0
27,0,52399.283682960886,3,0,1,8,106.1167128038864,18,1,1,0,0,0,0,1,0
23,0,37874.864649034345,2,0,1,0,92.39978577046698,0,1,0,0,1,0,0,0,0
46,0,43494.16578079572,2,1,1,5,99.22592182255782,23,1,0,0,0,0,1,1,1
25,0,37364.32371589512,3,1,2,8,95.6491386518574,10,0,0,1,0,0,0,0,0
57,0,66021.79156986217,2,1,1,5,99.4376556196256,5,0,0,0,1,1,0,1,0
45,0,47324.47188544186,1,0,2,0,76.76475259303902,21,1,0,0,1,0,0,1,0
24,0,45799.425423911125,1,0,2,8,124.4962876683174,15,0,0,0,0,0,1,0,1
19,0,53929.9266212794,1,0,1,8,135.0675391411041,6,1,0,0,0,0,1,0,0
32,0,43606.4855511904,2,1,3,5,33.15460762453873,18,0,1,0,0,0,0,0,1
54,0,52316.526988769154,1,1,3,6,103.70559301035252,16,0,0,0,1,1,1,1,1
51,0,36943.241990731,2,1,1,0,130.89617655787703,4,0,0,0,0,0,1,1,0
31,0,35741.448957622626,1,1,0,4,82.55091133309779,10,0,1,1,0,0,0,0,0
61,0,34246.77306326943,0,1,3,8,103.35744082070975,15,0,0,0,0,1,1,0,0
56,0,45494.22559124395,2,0,0,2,85.1590227224369,2,0,0,1,0,1,0,1,0
64,0,68740.44200637276,3,1,0,6,101.4346500112247,11,0,0,1,0,0,0,0,1
18,0,44348.44667993933,2,1,0,10,97.64998780156692,23,1,0,0,0,0,0,0,0
61,0,39160.08367652033,0,0,0,5,105.59148548653422,20,0,1,1,0,0,0,0,0
